-- phpMyAdmin SQL Dump
-- version 5.1.2
-- https://www.phpmyadmin.net/
--
-- Hôte : localhost:3306
-- Généré le : lun. 01 juin 2026 à 09:58
-- Version du serveur : 5.7.24
-- Version de PHP : 8.3.1

SET SQL_MODE = "NO_AUTO_VALUE_ON_ZERO";
START TRANSACTION;
SET time_zone = "+00:00";


/*!40101 SET @OLD_CHARACTER_SET_CLIENT=@@CHARACTER_SET_CLIENT */;
/*!40101 SET @OLD_CHARACTER_SET_RESULTS=@@CHARACTER_SET_RESULTS */;
/*!40101 SET @OLD_COLLATION_CONNECTION=@@COLLATION_CONNECTION */;
/*!40101 SET NAMES utf8mb4 */;

--
-- Base de données : `e_commmerce`
--

-- --------------------------------------------------------

--
-- Structure de la table `articles`
--

CREATE TABLE `articles` (
  `id_shoes` int(2) NOT NULL,
  `nom` varchar(22) DEFAULT NULL,
  `categorie` varchar(17) DEFAULT NULL,
  `marque` varchar(12) DEFAULT NULL,
  `genre` varchar(5) DEFAULT NULL,
  `Prix` decimal(5,2) DEFAULT NULL,
  `materiaux` varchar(88) DEFAULT NULL,
  `usage` varchar(43) DEFAULT NULL,
  `caracteristiques` varchar(110) DEFAULT NULL,
  `description` varchar(517) DEFAULT NULL,
  `mots_cles` varchar(86) DEFAULT NULL,
  `stock_total` int(4) DEFAULT NULL,
  `url_image` varchar(18) DEFAULT NULL
) ENGINE=InnoDB DEFAULT CHARSET=utf8;

--
-- Déchargement des données de la table `articles`
--

INSERT INTO `articles` (`id_shoes`, `nom`, `categorie`, `marque`, `genre`, `Prix`, `materiaux`, `usage`, `caracteristiques`, `description`, `mots_cles`, `stock_total`, `url_image`) VALUES
(1, 'Nova Air Lifestyle', 'Baskets lifestyle', 'UrbanStep', 'Mixte', '89.99', 'Tige: Mesh respirant; Semelle: EVA; Doublure: Textile recyclé', 'Quotidien,Ville,Loisirs', 'Ultra légères,Respirantes,Semelle amortissante,Usage quotidien,Lacets plats', 'Les Nova Air Lifestyle sont conçues pour offrir un confort optimal au quotidien. Leur tige en mesh respirant assure une excellente circulation de l\'air même lors des longues journées. La semelle en EVA absorbe efficacement les chocs à chaque pas, réduisant la fatigue. Leur design épuré et moderne s\'adapte aussi bien à une tenue décontractée qu\'à un look urbain soigné. Légères et polyvalentes, elles sont idéales pour la ville, les courses et les sorties du week-end.', 'confort,ville,respirant,léger,quotidien,lifestyle,casual,urbain', 1309, 'images/image1.png'),
(2, 'RetroWave 90s', 'Baskets lifestyle', 'UrbanStep', 'Mixte', '99.90', 'Tige: Cuir synthétique; Semelle: Caoutchouc; Doublure: Textile', 'Ville,Loisirs,Mode', 'Style rétro années 90,Semelle épaisse,Confort toute journée,Languette rembourrée', 'Inspirées des icônes des années 90, les RetroWave 90s revivent avec une touche moderne. Leur tige en cuir synthétique vieilli et leur semelle épaisse en caoutchouc rappellent les classiques du streetwear, tout en offrant le confort contemporain. La languette généreusement rembourrée et le col moelleux garantissent un maintien du pied excellent. Un must-have pour les amateurs de mode rétro et de style urbain décalé.', 'rétro,90s,streetwear,mode,lifestyle,vintage,tendance', 1348, 'images/image2.png'),
(3, 'CloudStep Lite', 'Baskets lifestyle', 'UrbanStep', 'Femme', '74.90', 'Tige: Mesh doux; Semelle: Mousse mémoire; Doublure: Microfibre', 'Quotidien,Ville', 'Semelle mémoire de forme,Ultra douce,Légère,Lacets élastiques,Confort intensif', 'Les CloudStep Lite sont pensées pour les femmes qui recherchent avant tout le confort sans sacrifier le style. Leur semelle en mousse mémoire de forme s\'adapte à la morphologie du pied pour un maintien personnalisé. La tige en mesh doux épouse le pied sans contraindre. Les lacets élastiques permettent d\'enfiler et d\'enlever les chaussures sans effort. Parfaites pour de longues journées debout ou pour se déplacer en ville.', 'confort,mousse mémoire,femme,légère,ville,quotidien,doux', 1153, 'images/image3.png'),
(4, 'NeoUrban Street', 'Baskets lifestyle', 'UrbanStep', 'Homme', '109.90', 'Tige: Mesh technique + Overlays synthétiques; Semelle: EVA bi-densité; Doublure: Textile', 'Ville,Mode,Quotidien', 'Look technique urbain,Semelle bi-densité,Amorti renforcé,Languette zippée,Anti-odeur', 'Les NeoUrban Street combinent esthétique technique et confort urbain dans un design masculin assumé. Les overlays en matière synthétique renforcent les zones d\'usure tout en apportant une structure au pied. La semelle bi-densité offre un amorti adapté aux longues marches sur bitume. La languette zippée sur le côté facilite l\'enfilage. Le traitement anti-odeur de la doublure assure une hygiène durable même lors d\'une utilisation intensive.', 'technique,urbain,homme,amorti,quotidien,street,confort', 1282, 'images/image4.png'),
(5, 'AirFlex Pastel', 'Baskets lifestyle', 'FlyMotion', 'Femme', '84.90', 'Tige: Mesh coloré; Semelle: EVA; Doublure: Textile doux', 'Quotidien,Ville,Loisirs', 'Coloris pastel tendance,Légères,Respirantes,Semelle flexible,Style décontracté', 'Les AirFlex Pastel apportent une touche de couleur douce et tendance à votre garde-robe. Disponibles en trois coloris pastel exclusifs, elles combinent légèreté et respirabilité pour un port agréable toute la journée. La semelle flexible en EVA offre un bon retour d\'énergie et absorbe les chocs sur les surfaces dures. Idéales pour les tenues printanières et estivales, elles s\'associent facilement à des robes, jupes ou jeans.', 'pastel,tendance,couleur,légère,femme,printanier,été,lifestyle', 1273, 'images/image5.png'),
(6, 'StreetWave Bold', 'Baskets lifestyle', 'UrbanStep', 'Mixte', '119.00', 'Tige: Cuir synthétique + Mesh; Semelle: Caoutchouc vulcanisé; Doublure: Textile', 'Ville,Mode,Streetwear', 'Design bold statement,Semelle plateforme 3cm,Renforts latéraux,Style oversize', 'Les StreetWave Bold s\'imposent comme une pièce maîtresse de tout outfit streetwear. Leur semelle plateforme de 3cm donne une stature affirmée, tandis que le colorblock audacieux ne laisse personne indifférent. La combinaison cuir synthétique et mesh offre à la fois structure et respirabilité. Les renforts latéraux stabilisent le pied sur les terrains urbains variés. Pour ceux qui veulent se démarquer sans compromis sur le confort.', 'streetwear,plateforme,bold,mode,statement,urbain,tendance,colorblock', 1551, 'images/image6.png'),
(7, 'Velocity Pro X', 'Baskets sport', 'Athletica', 'Mixte', '119.90', 'Tige: Synthétique renforcé; Semelle: Caoutchouc haute résistance; Doublure: Microfibre', 'Sport,Fitness,Salle de sport', 'Stabilité renforcée,Semelle grip multi-surfaces,Maintien latéral,Languette anti-slip,Résistant abrasion', 'Les Velocity Pro X sont conçues pour les sportifs qui ne font aucun compromis sur la performance. La tige en synthétique renforcé offre un maintien latéral exceptionnel lors des changements de direction rapides. La semelle en caoutchouc haute résistance garantit une adhérence optimale sur sols lisses, parquet et béton. La languette anti-slip maintient les lacets en place pendant toute l\'activité. Idéales pour la musculation, le HIIT, le crossfit et les entraînements polyvalents.', 'sport,fitness,salle,crossfit,HIIT,stabilité,performance,grip,musculation', 1746, 'images/image7.png'),
(8, 'FlexRun Training', 'Baskets sport', 'Athletica', 'Mixte', '99.99', 'Tige: Mesh; Semelle: EVA; Doublure: Textile anti-bactérien', 'Fitness,Cardio,Salle de sport', 'Flexibles,Respirantes,Amorti léger,Légères,Grip modéré,Bonne flexibilité', 'Les FlexRun Training sont parfaites pour les séances de fitness polyvalent et de cardio en salle. Leur tige en mesh assure une excellente ventilation pendant les efforts intenses. La semelle souple en EVA offre un amorti léger et une grande flexibilité permettant des mouvements naturels du pied. La doublure anti-bactérienne limite le développement des odeurs. Un excellent rapport qualité-prix pour débuter ou intensifier sa pratique sportive.', 'fitness,cardio,salle,léger,flexible,sport,respirant,entraînement', 1477, 'images/image8.png'),
(9, 'PowerGrip Court', 'Baskets sport', 'Athletica', 'Homme', '129.90', 'Tige: Synthétique; Semelle: Caoutchouc usiné; Doublure: Textile respirant', 'Tennis,Padel,Sports de raquette', 'Semelle usinée pour courts,Renfort orteil,Stabilité latérale,Amorti ciblé talon,Durabililté renforcée', 'Les PowerGrip Court sont spécialement conçues pour les sports de raquette sur tous types de surfaces. La semelle en caoutchouc usinée offre une accroche précise sur terre battue, résine et béton. Le renfort au niveau des orteils protège contre l\'usure liée aux changements de direction fréquents. La stabilité latérale empêche les entorses lors des appuis rapides. Un choix incontournable pour le tennis, le padel et le badminton.', 'tennis,padel,raquette,court,sport,grip,latéral,stabilité,badminton', 1132, 'images/image9.png'),
(10, 'MaxBoost Gym', 'Baskets sport', 'FlyMotion', 'Mixte', '109.00', 'Tige: Mesh renforcé; Semelle: Caoutchouc plat; Doublure: Microfibre', 'Musculation,Crossfit,Sport', 'Semelle plate idéale musculation,Très stable,Faible drop,Renfort talon rigide,Excellent transfert de force', 'Les MaxBoost Gym sont le choix des pratiquants de musculation sérieux. Leur semelle plate en caoutchouc avec un drop minimal favorise un meilleur transfert de force vers le sol lors des squats, soulevés de terre et presses. Le renfort talon rigide assure une stabilité maximale sous les charges lourdes. Légèrement plus rigides que des baskets classiques, elles offrent le maintien nécessaire pour progresser en toute sécurité.', 'musculation,squat,soulevé de terre,crossfit,plat,stable,force,powerlifting', 1668, 'images/image10.png'),
(11, 'AeroBoost React', 'Baskets sport', 'FlyMotion', 'Mixte', '134.90', 'Tige: Mesh technique; Semelle: Mousse réactive; Doublure: Textile', 'Sport,HIIT,Cardio intense', 'Mousse réactive haute énergie,Rebond optimal,Légère,Respirante,Confort intensif', 'Les AeroBoost React exploitent une technologie de mousse réactive haute performance pour maximiser le rebond à chaque foulée. Idéales pour les séances de HIIT intensives, elles absorbent les impacts tout en restituant l\'énergie pour enchaîner les mouvements. La tige en mesh technique assure une ventilation optimale lors des efforts soutenus. Leur légèreté remarquable réduit la fatigue musculaire pendant les longs entraînements.', 'HIIT,réactif,rebond,cardio,sport,légère,énergie,entraînement intensif', 1369, 'images/image11.png'),
(12, 'AeroRun 5 Pro', 'Running', 'FlyMotion', 'Mixte', '139.00', 'Tige: Mesh technique ultra-léger; Semelle: Mousse réactive; Doublure: Textile', 'Running,Course à pied,Route', 'Amorti dynamique,Légèreté extrême,Idéale longues distances,Drop 8mm,Semelle anti-dérapante route', 'Les AeroRun 5 Pro représentent l\'équilibre parfait entre légèreté, amorti et dynamisme pour les coureurs de fond. La mousse réactive de la semelle absorbe efficacement les chocs des longues distances tout en restituant l\'énergie pour maintenir l\'allure. Le mesh ultra-léger de la tige réduit le poids total à seulement 265 grammes. Le drop de 8mm convient à une large majorité de coureurs. Que vous vous prépariez à un 10km ou un marathon, les AeroRun 5 Pro vous accompagnent.', 'running,course,marathon,longue distance,route,léger,amorti,drop 8mm', 1724, 'images/image12.png'),
(13, 'SpeedFlow Race', 'Running', 'FlyMotion', 'Mixte', '159.90', 'Tige: Mesh de course; Semelle: Plaque carbone + Mousse; Doublure: Textile minimal', 'Running,Compétition,Route', 'Plaque carbone propulsive,Poids minimal,Semelle épaisse racing,Drop 4mm,Pour la compétition', 'Les SpeedFlow Race sont les chaussures des coureurs qui visent la performance absolue en compétition. La plaque carbone intégrée dans la semelle crée un effet propulsif unique qui optimise l\'économie de course. La mousse racing ultra-légère et le drop de 4mm favorisent une foulée avant-pied dynamique. Pesant seulement 220 grammes, elles minimisent la fatigue sur les distances de 5km au marathon. Réservées aux coureurs entraînés pour une utilisation en course ou en entraînement rapide.', 'compétition,carbone,racing,marathon,performance,vitesse,propulsion,avant-pied', 1486, 'images/image13.png'),
(14, 'EnduroTrail GTX', 'Running', 'MountainEdge', 'Mixte', '149.90', 'Tige: Mesh renforcé waterproof; Semelle: Lugs trail; Doublure: Gore-Tex', 'Trail,Running montagne,Sentiers', 'Imperméable Gore-Tex,Crampons trail profonds,Protection orteils,Drainage rapide,Accroche terre humide', 'Les EnduroTrail GTX sont conçues pour les traileurs qui affrontent tous les terrains et toutes les météos. La membrane Gore-Tex intégrée maintient les pieds au sec même dans les passages à gué ou sous la pluie battante. Les crampons profonds mordent efficacement dans la boue, les rochers et les feuilles mouillées. La protection renforcée des orteils préserve des chocs sur les terrains chaotiques. Que vous fassiez du trail court ou des ultras, elles tiennent la distance.', 'trail,montagne,sentiers,gore-tex,imperméable,crampons,boue,terrain,ultra', 1572, 'images/image14.png'),
(15, 'FlowLite Daily', 'Running', 'Athletica', 'Mixte', '89.90', 'Tige: Mesh respirant; Semelle: EVA; Doublure: Textile', 'Running,Jogging,Débutant', 'Polyvalente,Confortable,Drop 10mm,Bonne durabilité,Idéale débutant', 'Les FlowLite Daily sont la chaussure de running idéale pour débuter ou courir régulièrement sans se ruiner. Leur semelle en EVA confortable et leur tige respirante offrent tout le nécessaire pour des sorties plaisantes de 5 à 15km. Le drop de 10mm accompagne naturellement la foulée talon des coureurs débutants. Solides et durables, elles résistent aux entraînements répétés sur route et chemin. Un excellent premier choix pour se lancer dans la course à pied.', 'débutant,jogging,running,quotidien,confort,route,accessible,premier', 1661, 'images/image15.png'),
(16, 'UltraStep Boost', 'Running', 'FlyMotion', 'Mixte', '169.00', 'Tige: Mesh 3D knit; Semelle: Boost foam; Doublure: Textile', 'Running,Long distance,Route', 'Technologie Boost,Retour énergie maximal,Confort longue durée,Tige chaussette,Très légère', 'Les UltraStep Boost intègrent une technologie de mousse Boost révolutionnaire qui offre un retour d\'énergie inégalé à chaque foulée. La tige en mesh 3D knit s\'adapte comme une chaussette à la forme exacte du pied pour un maintien sans coutures irritantes. Idéales pour les longues sorties du dimanche ou la préparation marathon, elles maintiennent leur niveau de confort kilomètre après kilomètre. La légèreté de l\'ensemble réduit significativement la fatigue musculaire.', 'boost,énergie,running,marathon,long,confort,knit,chaussette,foulée', 1740, 'images/image16.png'),
(17, 'SpeedMax Light', 'Running', 'Athletica', 'Mixte', '124.90', 'Tige: Mesh ultra-fin; Semelle: Caoutchouc léger; Doublure: Textile minimal', 'Running,Vitesse,Route', 'Ultralégère,Drop 6mm,Favorise avant-pied,Bonne ventilation,Semi-minimaliste', 'Les SpeedMax Light s\'adressent aux coureurs intermédiaires à avancés qui souhaitent gagner en vitesse et travailler leur foulée avant-pied. Leur poids plume (235g) et leur drop de 6mm encouragent naturellement une attaque milieu-avant du pied. La semelle en caoutchouc léger assure une bonne durabilité sans alourdir le pas. Parfaites pour les séances de fractionné, les courses sur route et l\'entraînement à l\'allure.', 'vitesse,léger,avant-pied,fractionné,intermédiaire,drop 6mm,running,allure', 1398, 'images/image17.png'),
(18, 'TrailRock X Pro', 'Randonnée', 'MountainEdge', 'Mixte', '159.99', 'Tige: Cuir nubuck + membrane imperméable; Semelle: Vibram; Doublure: Membrane waterproof', 'Randonnée,Montagne,Multi-jours', 'Imperméables,Semelle Vibram haute adhérence,Protection anti-chocs,Cheville haute,Support plantaire', 'Les TrailRock X Pro sont pensées pour les randonneurs exigeants qui s\'aventurent sur tous les terrains. La tige en cuir nubuck traité imperméable résiste aux pluies, éclaboussures et passages humides. La semelle Vibram offre une adhérence remarquable sur rochers mouillés, pierriers et sentiers glissants. La tige montante protège et soutient la cheville sur les terrains accidentés. Le support plantaire anatomique réduit la fatigue lors des longues journées de marche avec un sac chargé.', 'randonnée,montagne,vibram,imperméable,cheville,multi-jours,cuir,sentier,GR', 1671, 'images/image18.png'),
(19, 'TrekLite Summer', 'Randonnée', 'MountainEdge', 'Mixte', '119.90', 'Tige: Mesh respirant renforcé; Semelle: Caoutchouc trail; Doublure: Textile', 'Randonnée,Basses altitudes,Été', 'Légères pour la rando,Respirantes,Séchage rapide,Semelle trail,Tige basse', 'Les TrekLite Summer sont parfaites pour la randonnée estivale sur chemins et sentiers de moyenne montagne. Leur tige basse en mesh respirant assure une excellente ventilation lors des ascensions par forte chaleur. Le séchage rapide est idéal pour les passages à gué ou les journées humides. La semelle en caoutchouc trail garantit une bonne accroche sur les chemins variés. Légères et polyvalentes, elles conviennent aussi bien à la marche nordique qu\'aux balades en forêt.', 'randonnée,été,légère,basse,respirant,sentier,forêt,journée,nature', 1746, 'images/image19.png'),
(20, 'RockShield Alpine', 'Randonnée', 'MountainEdge', 'Mixte', '189.90', 'Tige: Cuir pleine fleur; Semelle: Vibram Mega Grip; Doublure: Gore-Tex Performance', 'Randonnée,Haute montagne,Bivouac', 'Gore-Tex haute performance,Vibram Mega Grip,Cramponable,Très rigide,Usage technique', 'Les RockShield Alpine sont des chaussures de haute montagne destinées aux randonneurs techniques et alpinistes. La tige en cuir pleine fleur alliée au Gore-Tex Performance assure une imperméabilité et une respirabilité de haut niveau dans les conditions extrêmes. La semelle Vibram Mega Grip offre une adhérence supérieure sur rochers secs ou humides. La rigidité de la semelle permet l\'utilisation de crampons à clips pour les approches glaciaires. Un équipement premium pour les sorties alpines sérieuses.', 'alpine,haute montagne,gore-tex,vibram,crampon,technique,bivouac,alpinisme', 1409, 'images/image20.png'),
(21, 'ForestGrip Walk', 'Randonnée', 'MountainEdge', 'Mixte', '94.90', 'Tige: Synthétique respirant; Semelle: Caoutchouc naturel; Doublure: Textile', 'Randonnée,Forêt,Balades', 'Abordable,Confortable,Accroche forêt,Légère,Idéale randonnées courtes', 'Les ForestGrip Walk sont le point d\'entrée idéal pour découvrir la randonnée. Abordables et polyvalentes, elles offrent toutes les caractéristiques essentielles pour profiter des balades en forêt et des randonnées de journée sur chemins balisés. La semelle en caoutchouc naturel assure une bonne accroche sur les sols forestiers variés. Confortables dès la première sortie sans nécessiter de rodage prolongé, elles conviennent aux familles et aux randonneurs occasionnels.', 'forêt,balades,débutant,confort,abordable,journée,famille,chemin,nature', 1448, 'images/image21.png'),
(22, 'BreezeWalk Liège', 'Sandales', 'SummerFeet', 'Femme', '59.90', 'Tige: Cuir souple; Semelle: Liège naturel; Doublure: Microfibre', 'Quotidien,Ville,Été', 'Semelle liège anatomique,Réglables,Légères,Respirantes,Confort naturel', 'Les BreezeWalk Liège s\'inspirent des meilleures sandales de confort européennes. La semelle en liège naturel s\'adapte progressivement à la forme du pied pour un confort personnalisé unique. Les brides en cuir souple sont entièrement réglables pour s\'adapter à toutes les morphologies. Légères et respirantes, elles sont parfaites pour les longues journées d\'été en ville ou en vacances. Le cuir se patine avec le temps et devient encore plus beau à l\'usage.', 'liège,cuir,sandales,confort,été,ville,vacances,anatomique,femme', 1254, 'images/image22.png'),
(23, 'OceanBreeze Sport', 'Sandales', 'SummerFeet', 'Mixte', '49.90', 'Tige: Textil synthétique séchage rapide; Semelle: Caoutchouc antidérapant; Doublure: EVA', 'Plage,Eau,Sport aquatique', 'Séchage ultra-rapide,Antidérapante sol mouillé,Drainage intégré,Légères,Résistantes eau salée', 'Les OceanBreeze Sport sont conçues pour tous les environnements aquatiques. Le tissu synthétique à séchage ultra-rapide évite l\'inconfort des sandales détrempées. La semelle en caoutchouc antidérapant assure une sécurité maximale sur les rochers mouillés, les bords de piscine et les pontons. Le système de drainage intégré évacue l\'eau immédiatement. Résistantes à l\'eau salée, au sable et au chlore, elles sont le compagnon idéal de toutes les aventures aquatiques.', 'plage,eau,piscine,sport aquatique,séchage rapide,antidérapant,mer,été', 1541, 'images/image23.png'),
(24, 'SummerFlow Comfort', 'Sandales', 'SummerFeet', 'Femme', '39.90', 'Tige: Textile synthétique; Semelle: Mousse EVA; Doublure: Textile', 'Plage,Quotidien,Loisirs', 'Légères,Souples,Idéales plage,Semelle épaisse moelleuse,Économiques', 'Les SummerFlow Comfort sont des sandales simples, légères et abordables pour profiter pleinement de l\'été. La semelle en mousse EVA épaisse et moelleuse absorbe les chocs et offre un confort immédiat sans période d\'adaptation. Idéales pour la plage, les sorties en ville ou simplement pour flâner, elles s\'enfilent et se retirent en un instant. Leur prix accessible en fait le choix parfait pour avoir une paire de sandales de secours ou pour les vacances.', 'plage,été,légère,abordable,mousse,vacances,sandales,confort,simple', 936, 'images/image24.png'),
(25, 'ComfortStep Pro', 'Sandales', 'GentleStep', 'Homme', '69.90', 'Tige: Cuir véritable; Semelle: Caoutchouc; Doublure: Cuir', 'Ville,Quotidien,Randonnée légère', 'Cuir véritable,Robustes,Style masculin,Polyvalentes,Semelle durable', 'Les ComfortStep Pro sont des sandales en cuir véritable pensées pour l\'homme actif. Leur construction robuste en cuir pleine fleur garantit une durabilité exceptionnelle, même avec un port quotidien intensif. Le cuir de la semelle intérieure absorbe la transpiration et régule naturellement la température. Les boucles métalliques solides permettent un réglage précis pour s\'adapter à tous les pieds. Parfaites pour les vacances actives, la ville ou les randonnées légères.', 'cuir,homme,robuste,ville,randonnée légère,qualité,sandales,quotidien', 1203, 'images/image25.png'),
(26, 'UrbanRidge Winter', 'Bottines', 'NordCraft', 'Mixte', '129.00', 'Tige: Cuir; Semelle: Caoutchouc épais; Doublure: Laine mélangée', 'Hiver,Ville,Quotidien', 'Chaudes,Robustes,Antidérapantes,Doublure laine,Imperméabilité basique,Lacets + zip', 'Les UrbanRidge Winter sont pensées pour affronter les hivers rigoureux sans sacrifier le style. La doublure en laine mélangée maintient une chaleur optimale même par températures négatives. La semelle en caoutchouc épais offre une excellente résistance au froid et une bonne antidérapance sur les trottoirs glissants. L\'association lacets et zip latéral permet un enfilage rapide. Le cuir traité offre une résistance basique à l\'humidité pour les temps maussades.', 'hiver,froid,chaud,laine,antidérapant,bottines,cuir,ville,neige', 1679, 'images/image26.png'),
(27, 'CityWalk Chelsea', 'Bottines', 'NordCraft', 'Femme', '109.90', 'Tige: Cuir synthétique; Semelle: Caoutchouc; Doublure: Textile', 'Ville,Bureau,Quotidien', 'Style Chelsea classique,Élastiques latéraux,Talon carré 3cm,Légère,Élégante', 'Les CityWalk Chelsea revisitent le classique intemporel des bottines Chelsea avec une touche contemporaine. Les élastiques latéraux en tissu élastiqué permettent un enfilage aisé tout en assurant un excellent maintien du pied. Le talon carré de 3cm apporte une légère élévation flatteuse sans compromettre la stabilité. Polyvalentes, elles se portent aussi bien avec un jean qu\'avec une jupe ou un tailleur. Un basique élégant pour toute garde-robe féminine.', 'chelsea,bottines,élégant,ville,bureau,femme,talon,intemporel,classique', 1257, 'images/image27.png'),
(28, 'SnowShield Arctic', 'Bottines', 'NordCraft', 'Mixte', '149.90', 'Tige: Nylon imperméable; Semelle: Caoutchouc froid; Doublure: Polaire Thinsulate 200g', 'Grand froid,Neige,Hiver extrême', 'Imperméables 100%,Isolation Thinsulate 200g,Températures jusqu\'à -25°C,Crampon neige amovible,Fermeture velcro', 'Les SnowShield Arctic sont conçues pour les conditions hivernales les plus sévères. L\'isolation Thinsulate 200g garantit une chaleur optimale jusqu\'à -25°C sans alourdir excessivement la chaussure. La tige en nylon imperméable et la semelle résistante au froid empêchent tout durcissement par basses températures. Le crampon neige amovible fourni avec les chaussures offre une traction supplémentaire sur verglas. La fermeture velcro facilite l\'enfilage avec des gants.', 'neige,grand froid,hiver,thinsulate,imperméable,arctique,verglas,-25°C', 1597, 'images/image28.png'),
(29, 'SoftWalk Classic', 'Mocassins', 'GentleStep', 'Homme', '79.90', 'Tige: Cuir souple; Semelle: Caoutchouc; Doublure: Cuir souple', 'Bureau,Ville,Quotidien', 'Souples,Confortables,Style classique,Pas de lacets,Élégants discrets', 'Les SoftWalk Classic sont des mocassins légers et confortables qui s\'adaptent aussi bien au bureau qu\'aux sorties en ville. Fabriqués en cuir souple pleine fleur, ils épousent naturellement la forme du pied au fil du temps pour un confort personnalisé. L\'absence de lacets permet de les enfiler et les retirer en quelques secondes. La doublure en cuir absorbe la transpiration et garantit une hygiène durable. Un classique masculin indémodable.', 'mocassins,bureau,travail,cuir,confort,homme,classique,sans lacets,élégant', 1609, 'images/image29.png'),
(30, 'UrbanSoft Loafer', 'Mocassins', 'GentleStep', 'Femme', '69.90', 'Tige: Cuir synthétique doux; Semelle: Crêpe; Doublure: Microfibre', 'Bureau,Ville,Quotidien', 'Légère,Féminine,Semelle crêpe douce,Talon plat,Polyvalente', 'Les UrbanSoft Loafer revisitent le mocassin féminin avec une touche de légèreté et de modernité. Le cuir synthétique doux offre l\'esthétique du cuir sans les contraintes d\'entretien. La semelle crêpe ultra-souple amorti chaque pas pour un confort remarquable sur les journées chargées. À talon plat, elles assurent une posture naturelle et réduisent la fatigue. Elles s\'associent élégamment avec des pantalons, jupes ou robes mi-longues.', 'mocassins,femme,plat,bureau,léger,élégant,quotidien,confort,polyvalent', 1032, 'images/image30.png'),
(31, 'ClassicFit Premium', 'Mocassins', 'GentleStep', 'Homme', '119.00', 'Tige: Cuir véritable Nappa; Semelle: Cuir; Doublure: Cuir Nappa', 'Bureau,Soirée,Élégant', 'Cuir Nappa premium,Semelle cuir,Finitions soignées,Très élégants,Fait main Portugal', 'Les ClassicFit Premium représentent l\'excellence artisanale au service du style masculin. Confectionnés à la main au Portugal, ils utilisent uniquement du cuir Nappa de première qualité, connu pour sa douceur incomparable et sa durabilité. La semelle en cuir véritable est interchangeable et peut être ressemblée, assurant une longévité exceptionnelle. Leurs finitions soignées, le point sellier apparent et le lustre naturel du Nappa en font des chaussures de cérémonie autant que des compagnons de bureau élèves.', 'premium,nappa,cuir,artisan,portugal,élégant,bureau,soirée,luxe,qualité', 1473, 'images/image31.png'),
(32, 'Élégance Haute Nuit', 'Talons', 'BelleMode', 'Femme', '89.90', 'Tige: Simili cuir satiné; Semelle: Synthétique; Doublure: Textile', 'Soirée,Fête,Événement', 'Talon aiguille 9cm,Bout pointu,Élégantes,Bride cheville,Semelle anti-dérapante', 'Les Élégance Haute Nuit sont la chaussure de soirée par excellence pour les occasions qui méritent d\'être à la hauteur. Le talon aiguille de 9cm et le bout pointu créent une silhouette élancée et sophistiquée. La bride de cheville fine et ajustable assure le maintien du pied tout au long de la nuit. La semelle antidérapante apportée en embout métal offre une sécurité accrue sur les parquets lisses. Disponibles en noir sobre, rouge passion ou or festif pour toutes les tenues.', 'soirée,talons aiguilles,élégant,fête,gala,9cm,femme,glamour,bride', 939, 'images/image32.png'),
(33, 'SoftHeel Block', 'Talons', 'BelleMode', 'Femme', '79.90', 'Tige: Cuir synthétique; Semelle: Caoutchouc; Doublure: Microfibre', 'Bureau,Ville,Quotidien', 'Talon bloc 5cm,Stable,Confort bureau,Embout carré,Polyvalentes', 'Les SoftHeel Block combinent l\'élégance d\'un talon et le confort d\'une chaussure plate. Le talon bloc de 5cm offre une belle hauteur tout en garantissant une stabilité que les talons aiguilles ne peuvent égaler. L\'embout carré apporte une modernité dans la ligne de la chaussure très tendance. La semelle en caoutchouc assure un bon amorti sur les sols durs des bureaux et trottoirs. Idéales pour les femmes qui veulent rester à l\'aise sans renoncer à la féminité.', 'talon bloc,bureau,stable,confort,5cm,quotidien,carré,femme,tendance', 1169, 'images/image33.png'),
(34, 'NightElegance Stiletto', 'Talons', 'BelleMode', 'Femme', '109.00', 'Tige: Satin; Semelle: Synthétique; Doublure: Textile satin', 'Soirée,Gala,Mariage', 'Talon 10cm,Ornementation cristaux,Très élégantes,Bout amande,Fermeture bride', 'Les NightElegance Stiletto sont créées pour les moments d\'exception qui méritent une chaussure d\'exception. Le satin luxueux de la tige capte la lumière avec élégance, sublimé par une ornementation en cristaux sur la bride. Le talon de 10cm et le bout amande allongent visuellement la jambe pour une silhouette somptueuse. Disponibles dans des teintes métallisées précieuses, elles subliment les robes de soirée, les tenues de mariage ou de cocktail.', 'mariage,gala,soirée,satin,cristaux,10cm,stiletto,luxe,précieux,femme', 1080, 'images/image34.png'),
(35, 'SafeGrip S3 Pro', 'Sécurité', 'WorkGuard', 'Mixte', '109.90', 'Tige: Cuir nubuck; Semelle: Caoutchouc polyuréthane; Doublure: Textile respirant', 'Chantier,Industrie,BTP', 'Norme S3,Embout acier,Anti-perforation,Antistatique,Hydrofuge,Résistant carburants', 'Les SafeGrip S3 Pro répondent à la norme de sécurité la plus stricte du marché, la norme EN ISO 20345 S3. L\'embout en acier résiste à un impact de 200 joules pour une protection maximale des orteils. La semelle anti-perforation protège contre les clous et objets acérés. Les propriétés antistatiques évitent les décharges électrostatiques sur les sites sensibles. Traitées hydrofuges et résistantes aux carburants, elles s\'adaptent à tous les environnements industriels et de chantier.', 'sécurité,S3,chantier,industrie,acier,anti-perforation,norme,BTP,travail', 1063, 'images/image35.png'),
(36, 'SteelPro Light S1P', 'Sécurité', 'WorkGuard', 'Mixte', '79.90', 'Tige: Mesh renforcé; Semelle: EVA + Caoutchouc; Doublure: Textile anti-bactérien', 'Entrepôt,Logistique,Industrie légère', 'Norme S1P,Embout composite léger,Anti-perforation,Légère,Confortable,Anti-bactérien', 'Les SteelPro Light S1P prouvent que sécurité et confort ne sont pas incompatibles. Conformes à la norme S1P, elles intègrent un embout en composite léger (30% plus léger que l\'acier) sans sacrifier la protection contre les impacts de 200 joules. La semelle anti-perforation protège sans rigidifier. Légères et respirantes grâce à leur tige en mesh renforcé, elles réduisent considérablement la fatigue lors des longues journées en entrepôt ou en logistique. La doublure anti-bactérienne combat les odeurs.', 'sécurité,S1P,composite,léger,entrepôt,logistique,confort,anti-bactérien', 1070, 'images/image36.png'),
(37, 'HardWork ESD S2', 'Sécurité', 'WorkGuard', 'Mixte', '129.90', 'Tige: Cuir; Semelle: Spéciale ESD; Doublure: Tissu conducteur', 'Électronique,Laboratoire,Environnements ESD', 'Norme ESD,Dissipation électrostatique certifiée,Embout composite,Antistatique total,Laboratoire', 'Les HardWork ESD S2 sont spécialement conçues pour les environnements où la maîtrise des décharges électrostatiques est critique : électronique, microélectronique, pharmaceutique et laboratoires sensibles. La semelle ESD certifiée et la doublure en tissu conducteur forment un système complet de dissipation des charges statiques répondant à la norme EN 61340-5-1. L\'embout en composite protège les orteils sans interférer avec les propriétés électriques. Idéales pour les salles blanches et environnements ISO.', 'ESD,antistatique,électronique,laboratoire,salle blanche,statique,sécurité,S2', 711, 'images/image37.png'),
(38, 'PureStep Vegan', 'Vegan', 'EcoFeet', 'Mixte', '84.90', 'Tige: Cuir pomme biobased; Semelle: Caoutchouc naturel; Doublure: Microfibre recyclée', 'Quotidien,Ville,Éco-responsable', '100% vegan,Cuir pomme certifié,Matériaux recyclés,Fabrication éthique,Empreinte carbone réduite', 'Les PureStep Vegan représentent l\'avant-garde de la chaussure éco-responsable. La tige est fabriquée à partir de cuir de pomme, un matériau innovant issu des déchets de l\'industrie alimentaire italienne offrant texture et résistance similaires au cuir animal. La doublure en microfibre recyclée (issue de bouteilles plastiques récupérées) et la semelle en caoutchouc naturel complètent un cycle de production éthique et certifié. Zéro compromis sur le style ou le confort.', 'vegan,écologique,cuir pomme,recyclé,éthique,durable,zéro déchet,bio,responsable', 1511, 'images/image38.png'),
(39, 'GreenWalk Knit', 'Vegan', 'EcoFeet', 'Mixte', '94.90', 'Tige: Tricot en coton bio recyclé; Semelle: Liège + caoutchouc naturel; Doublure: Lin', 'Quotidien,Ville,Loisirs', 'Tricot bio respirant,Semelle liège naturel,Sans colle animale,Teintures naturelles,Confort naturel', 'Les GreenWalk Knit poussent l\'engagement écologique encore plus loin avec une tige entièrement tricotée en coton biologique recyclé. Les teintures naturelles utilisées évitent les produits chimiques nocifs et respectent les normes les plus strictes de l\'industrie textile. La semelle combinant liège naturel et caoutchouc végétal offre un amorti naturel qui s\'adapte au pied. Aucune colle d\'origine animale n\'entre dans leur fabrication. Une chaussure qui vous permet de marcher léger sur la planète.', 'vegan,bio,coton,liège,naturel,zéro animal,teinture naturelle,écologie,durable', 1759, 'images/image39.png'),
(40, 'SoftHome Cozy', 'Indoor', 'HomeStep', 'Mixte', '34.90', 'Tige: Polaire sherpa; Semelle: Antidérapante mousse; Doublure: Sherpa', 'Maison,Intérieur,Détente', 'Ultra douces,Antidérapantes,Légères,Chaudes,Lavables machine', 'Les SoftHome Cozy sont les pantoufles dont vous ne pourrez plus vous passer. Le sherpa moelleux enveloppe les pieds d\'une chaleur douce et réconfortante, idéale pour les soirées d\'hiver ou les matinées paresseuses. La semelle antidérapante garantit votre sécurité sur les parquets et carrelages. Leur légèreté extrême fait oublier qu\'on les porte. Un vrai plus : elles sont entièrement lavables en machine pour rester fraîches et propres.', 'pantoufles,maison,intérieur,chaud,sherpa,confort,détente,hiver,lavable', 1637, 'images/image40.png'),
(41, 'CozyWarm Memory', 'Indoor', 'HomeStep', 'Femme', '44.90', 'Tige: Velours côtelé; Semelle: Mousse mémoire + antidérapant; Doublure: Microfibre', 'Maison,Détente,Confort', 'Semelle mémoire personnalisée,Velours luxueux,Ouverture facile,Légère,Confort supérieur', 'Les CozyWarm Memory sont des chaussons pour femmes qui allient confort supérieur et esthétique raffinée. La semelle en mousse mémoire s\'adapte avec précision à la morphologie du pied pour un soutien personnalisé qui prévient la fatigue plantaire. Le velours côtelé de la tige est doux au toucher et conserve bien la chaleur. L\'ouverture large facilite l\'enfilage même à la sortie du lit. Un cadeau idéal ou un plaisir que l\'on s\'offre à soi-même.', 'chaussons,maison,femme,mousse mémoire,velours,confort,détente,cadeau,doux', 1324, 'images/image41.png'),
(42, 'WalkPro Comfort', 'Marche', 'GentleStep', 'Mixte', '89.90', 'Tige: Cuir + mesh; Semelle: EVA renforcée; Doublure: Gel anatomique', 'Marche,Ville,Quotidien,Senior', 'Support plantaire gel,Large embout,Confort longue durée,Antidérapante,Facile à enfiler', 'Les WalkPro Comfort sont conçues pour les marcheurs qui privilégient le confort avant tout. Le support plantaire en gel anatomique répartit uniformément les pressions sous le pied, réduisant douleurs et fatigue même lors de très longues marches. L\'embout large offre la place nécessaire aux orteils sans pincement. La semelle EVA renforcée amorti efficacement sur tous les revêtements urbains. L\'ouverture large et le système de lacets à enroulement facilitent l\'enfilage pour les personnes à mobilité réduite.', 'marche,confort,gel,podologie,senior,large,antidérapant,quotidien,orthopédique', 1581, 'images/image42.png'),
(43, 'TrailWalk Nature', 'Marche', 'MountainEdge', 'Mixte', '74.90', 'Tige: Synthétique respirant; Semelle: Caoutchouc trail; Doublure: Textile', 'Marche,Nature,Campagne', 'Polyvalente,Légère,Accroche terrain mixte,Confortable,Bon rapport qualité-prix', 'Les TrailWalk Nature sont la chaussure de marche polyvalente par excellence pour ceux qui aiment alterner chemins de campagne et rues pavées. La semelle en caoutchouc trail offre une bonne accroche sur les sols variés : herbe humide, chemins de terre, pierres et asphalte. Légères et confortables dès le premier port, elles conviennent aussi bien aux promenades du dimanche qu\'aux marches de plusieurs heures. Un excellent rapport qualité-prix pour débuter la marche nature.', 'marche,nature,campagne,polyvalent,léger,terrain mixte,promenade,famille', 1716, 'images/image43.png'),
(44, 'BareStep Zero Drop', 'Minimalistes', 'FreeMotion', 'Mixte', '99.90', 'Tige: Mesh ultra-fin; Semelle: 4mm caoutchouc naturel; Doublure: Aucune (minimal)', 'Running,Marche,Minimalisme', 'Drop 0mm,Semelle 4mm,Très flexible,Léger (150g),Renforcement pied naturel', 'Les BareStep Zero Drop sont la référence pour les adeptes du mouvement minimaliste. Le drop zéro place talon et avant-pied à la même hauteur, favorisant une posture naturelle et un renforcement progressif de toute la chaîne musculaire du pied et de la jambe. La semelle de 4mm en caoutchouc naturel offre une protection minimale tout en permettant une perception fine du sol. Avec seulement 150 grammes, elles disparaissent sous le pied. Idéales pour la transition minimaliste, à adopter progressivement.', 'minimaliste,zéro drop,barefoot,pieds nus,naturel,léger,running,transition,renforcement', 2127, 'images/image44.png'),
(45, 'NatureFlex Wide', 'Minimalistes', 'FreeMotion', 'Mixte', '119.90', 'Tige: Mesh 3D respirant; Semelle: 6mm caoutchouc; Doublure: Lin naturel', 'Quotidien,Marche,Minimalisme', 'Embout large (wide),Drop 0mm,Tige très flexible,6mm protection,Quotidien minimaliste', 'Les NatureFlex Wide combinent les bénéfices du minimalisme avec un embout extra-large qui laisse les orteils libres de s\'étaler naturellement. L\'embout wide est particulièrement recommandé pour les personnes ayant des orteils en éventail, des oignons ou simplement préférant un espace généreux. La tige en mesh 3D offre une ventilation optimale pour les longues journées. La semelle de 6mm offre une protection légèrement supérieure au BareStep, idéale pour commencer la transition minimaliste en douceur.', 'minimaliste,wide,large,orteils,drop zéro,quotidien,transition,oignons,nature', 2095, 'images/image45.png'),
(46, 'EasyStep Canvas', 'Slip-on', 'DailyWear', 'Mixte', '44.90', 'Tige: Toile canvas; Semelle: Vulcanisée caoutchouc; Doublure: Textile', 'Quotidien,Détendu,Été', 'Sans lacets,Élastiques latéraux,Style canvas classique,Légère,Lavable', 'Les EasyStep Canvas revisitent la chaussure canvas de toile classique en version slip-on sans lacets. Les élastiques latéraux discrets permettent d\'enfiler et d\'enlever les chaussures sans effort. La semelle vulcanisée en caoutchouc assure une bonne durabilité et une adhérence suffisante pour le quotidien. Légères et respirantes en toile, elles sont parfaites pour l\'été, la plage ou le quotidien décontracté. Passent en machine à 30°C pour un entretien facile.', 'slip-on,canvas,sans lacets,toile,décontracté,été,rapide,facile,lavable', 1952, 'images/image46.png'),
(47, 'StreetFlex Knit', 'Slip-on', 'UrbanStep', 'Mixte', '64.90', 'Tige: Tricot knit; Semelle: EVA; Doublure: Textile', 'Quotidien,Ville,Bureau décontracté', 'Tige chaussette tricot,Sans lacets,Légère,Respirante,Style moderne', 'Les StreetFlex Knit exploitent la technologie du tricot chaussette pour créer un slip-on d\'une légèreté et d\'un confort inégalés. La tige en tricot knit s\'adapte comme une seconde peau aux contours du pied, sans coutures irritantes. L\'élasticité naturelle du tricot facilite l\'enfilage et le retrait. La semelle EVA légère assure confort et amorti pour les journées actives. Un choix moderne et pratique pour le quotidien urbain ou le bureau casual.', 'slip-on,knit,tricot,sans lacets,moderne,léger,bureau,casual,chaussette', 1644, 'images/image47.png'),
(48, 'RainStep WP', 'Imperméables', 'DryWalk', 'Mixte', '99.90', 'Tige: Cuir synthétique waterproof; Semelle: Caoutchouc; Doublure: Membrane imperméable', 'Pluie,Ville,Quotidien', 'Imperméables garanties,Style baskets,Membrane étanche,Respirante,Semelle antidérapante pluie', 'Les RainStep WP prouvent qu\'une chaussure imperméable peut être élégante et discrète. Leur aspect de baskets classiques ne trahit pas leur imperméabilité totale garantie par la membrane waterproof intégrée. La tige en cuir synthétique traité repousse l\'eau dès le premier contact. La semelle en caoutchouc avec rainures profondes assure une adhérence sécurisée sur les trottoirs mouillés. Respirantes malgré leur imperméabilité, elles évitent l\'effet de botte chaude.', 'imperméable,pluie,waterproof,étanche,antidérapant,ville,respirant,pluie', 2021, 'images/image48.png'),
(49, 'StormGuard Boot', 'Imperméables', 'DryWalk', 'Mixte', '129.90', 'Tige: Caoutchouc naturel; Semelle: Caoutchouc cramponnée; Doublure: Néoprène', 'Pluie intense,Boue,Outdoor', '100% étanche,Isolation néoprène,Crampons boue,Tige haute 20cm,Résistant milieux extrêmes', 'Les StormGuard Boot sont les bottes tout-terrain pour ceux qui n\'ont pas peur des éléments. La tige en caoutchouc naturel de 20cm de hauteur offre une étanchéité absolue même dans les flaques profondes. La doublure en néoprène maintient les pieds chauds dans l\'eau froide jusqu\'à environ 5°C. Les crampons profonds de la semelle mordent efficacement dans la boue épaisse et les terrains détrempés. Idéales pour la chasse, la pêche, le jardinage ou les festivals pluvieux.', 'bottes,étanche,boue,pluie,caoutchouc,néoprène,festival,chasse,outdoor,terrain', 1811, 'images/image49.png'),
(50, 'PowerTrain Cross', 'Training', 'ActiveFeet', 'Mixte', '89.90', 'Tige: Mesh synthétique; Semelle: Caoutchouc pivot; Doublure: Textile respirant', 'Cross-training,Salle,Polyvalent', 'Zone pivot pour rotations,Bonne stabilité,Polyvalente,Soutien latéral,Légère', 'Les PowerTrain Cross sont la chaussure de cross-training polyvalente qui accompagne tous vos entraînements. La zone pivot sous l\'avant-pied facilite les rotations lors des mouvements de danse ou des exercices dynamiques. Le soutien latéral prévient les entorses lors des déplacements rapides. La semelle en caoutchouc offre une adhérence adaptée aussi bien aux parquets de salle qu\'aux sols sportifs. Légères et respirantes, elles conviennent au HIIT, au cross-training, à l\'aérobic et au Zumba.', 'cross-training,polyvalent,salle,rotation,HIIT,zumba,aérobic,stable,fitness', 1807, 'images/image50.png'),
(51, 'FlexDance Studio', 'Danse', 'MoveArt', 'Femme', '69.90', 'Tige: Toile de danse; Semelle: Daim naturel + caoutchouc avant-pied; Doublure: Textile', 'Danse,Ballet jazz,Modern jazz', 'Semelle daim technique,Split sole,Légèreté maximale,Flexibilité totale,Respirante', 'Les FlexDance Studio sont conçues pour les danseuses pratiquant le ballet jazz et le modern jazz. La semelle split en daim naturel (avant-pied et talon séparés) offre une flexibilité maximale du pied tout en assurant l\'adhérence nécessaire sur les parquets de danse. La toile de danse légère épouse parfaitement le pied pour une proprioception optimale. L\'avant-pied en caoutchouc offre une durabilité supplémentaire aux zones de forte usure. Une chaussure technique pour danseuses exigeantes.', 'danse,ballet jazz,modern,split sole,daim,flexible,studio,technique,danseuse', 1226, 'images/image51.png'),
(52, 'StudioPro Latin', 'Danse', 'MoveArt', 'Femme', '89.90', 'Tige: Satin; Semelle: Daim; Doublure: Cuir souple', 'Danse latine,Salsa,Bachata', 'Talon cubain 5cm,Bride cheville,Semelle daim,Confort danse,Fermeture boucle', 'Les StudioPro Latin sont spécialement développées pour les danseuses de salsa, bachata, merengue et danses latines. Le talon cubain de 5cm offre la hauteur et la stabilité caractéristiques de ces danses, permettant d\'exécuter virages et déplacements avec précision. La semelle en daim offre le niveau de glisse idéal sur les parquets sans risque de dérapage. La bride de cheville réglable maintient le pied fermement dans la chaussure pendant les tours. Conçues pour des heures de pratique sans douleur.', 'danse latine,salsa,bachata,talon cubain,daim,studio,soirée,glisse,femme', 1459, 'images/image52.png'),
(53, 'SummerSoft Classic', 'Espadrilles', 'Mediterraneo', 'Mixte', '34.90', 'Tige: Toile de jute; Semelle: Jute naturel; Doublure: Textile', 'Été,Plage,Vacances', '100% jute naturel,Légères,Respirantes,Style méditerranéen,Artisanal', 'Les SummerSoft Classic perpétuent la tradition centenaire de l\'espadrille artisanale méditerranéenne. La tige et la semelle en jute naturel offrent une respirabilité inégalée, idéale pour les journées chaudes d\'été. Légères comme une plume, elles disparaissent au pied pour un confort naturel. Fabriquées selon des méthodes artisanales transmises de génération en génération dans les ateliers du Pays Basque, chaque paire est unique. Parfaites pour la terrasse, les vacances ou simplement profiter du soleil.', 'espadrilles,jute,artisanal,été,méditerranée,naturel,légère,plage,vacances', 1777, 'images/image53.png'),
(54, 'CoastLine Wedge', 'Espadrilles', 'Mediterraneo', 'Femme', '54.90', 'Tige: Toile coton; Semelle compensée: Jute + EVA; Doublure: Textile', 'Été,Ville,Soirée décontractée', 'Compensées 6cm,Légères,Lacets montants,Tendance,Style côtier', 'Les CoastLine Wedge subliment l\'espadrille classique avec une semelle compensée de 6cm qui apporte élégance et stature. La plateforme en jute naturel recouvert d\'EVA allie le style traditionnel à un confort moderne longue durée. Les lacets en coton qui s\'enroulent autour de la cheville apportent une touche romantique et assurent le maintien du pied. Parfaites pour dîner en terrasse, une soirée entre amis ou se promener dans les ruelles d\'un village de vacances.', 'espadrilles compensées,été,femme,talon,ville,côtier,vacances,tendance,lacets', 1242, 'images/image54.png'),
(55, 'ComfortClog Pro', 'Sabots', 'HomeStep', 'Mixte', '49.90', 'Tige: EVA antibactérien; Semelle: EVA; Doublure: Aucune', 'Médical,Cuisine,Usage professionnel', 'Antibactérien,Facile à nettoyer,Antidérapant,Aérations latérales,Réglable arrière,Poids léger', 'Les ComfortClog Pro sont les sabots de référence pour les professionnels de santé, de la restauration et des milieux techniques. La matière EVA antibactérienne empêche la prolifération des bactéries et des champignons. Le nettoyage est instantané : une simple passée à l\'eau froide suffit. La bride arrière réglable assure un maintien sécurisé lors des déplacements rapides. Les aérations latérales permettent une circulation d\'air continue. Antidérapants sur sols mouillés, ils répondent aux normes professionnelles.', 'sabots,médical,cuisine,professionnel,antibactérien,infirmier,restauration,antidérapant', 2827, 'images/image55.png'),
(56, 'GardenStep Outdoor', 'Sabots', 'HomeStep', 'Mixte', '29.90', 'Tige: EVA recyclé; Semelle: EVA; Doublure: Aucune', 'Jardinage,Extérieur,Plage', 'Prix mini,Léger,Facile à laver,Ventilation maximale,Séchage instantané', 'Les GardenStep Outdoor sont les sabots utilitaires parfaits pour toutes les activités extérieures. Fabriqués en EVA recyclé, ils ont une empreinte écologique réduite. Leur prix mini en fait un investissement sans risque pour le jardinage, la plage, les activités nautiques ou simplement pour ne pas salir ses bonnes chaussures. Les aérations généreuses assurent une ventilation maximale et un séchage quasi instantané après l\'eau. Extrêmement légers et faciles à nettoyer au tuyau d\'arrosage.', 'jardinage,plage,eau,léger,économique,EVA recyclé,extérieur,pratique,facile', 2859, 'images/image56.png'),
(57, 'LightHiker Mid', 'Montantes légères', 'MountainEdge', 'Mixte', '109.90', 'Tige: Mesh + cuir synthétique; Semelle: Caoutchouc trail; Doublure: Textile', 'Randonnée,Trail court,Camping', 'Tige mi-haute,Légère,Protection cheville modérée,Séchage rapide,Polyvalente', 'Les LightHiker Mid occupent la niche entre la chaussure basse et la bottine haute de randonnée. Leur tige mi-haute offre une protection et un maintien de la cheville supérieurs à une chaussure basse, sans la rigidité ni le poids d\'une chaussure technique de montagne. Le mix mesh respirant et cuir synthétique assure légèreté et durabilité. Leur séchage rapide est apprécié lors des randonnées comportant des passages humides. Idéales pour les randonnées journée avec dénivelé modéré.', 'montante,mi-haute,randonnée,cheville,légère,trail court,polyvalente,camping', 1817, 'images/image57.png'),
(58, 'CityHigh Urban', 'Montantes légères', 'UrbanStep', 'Mixte', '119.00', 'Tige: Canvas épais + cuir; Semelle: Caoutchouc; Doublure: Textile', 'Ville,Hiver,Style', 'Tige haute style,Lacets à crochets,Chaudes sans doublure lourde,Semelle robuste,Look streetwear', 'Les CityHigh Urban revisitent la sneaker montante dans un esprit streetwear contemporain. La tige haute en canvas épais renforcé de cuir offre un maintien de cheville confortable et un style affirmé. Le système de laçage à crochets métalliques vintage est à la fois fonctionnel et esthétique. La semelle en caoutchouc robuste assure une longévité supérieure sur les sols urbains. Assez chaudes pour les intersaisons et l\'hiver doux sans être étouffantes.', 'montante,urban,streetwear,lacets,hiver,ville,canvas,style,cheville', 1450, 'images/image58.png');

-- --------------------------------------------------------

--
-- Structure de la table `chat_sessions`
--

CREATE TABLE `chat_sessions` (
  `id` int(11) NOT NULL,
  `id_client` int(11) NOT NULL,
  `titre` varchar(150) DEFAULT 'Nouvelle conversation',
  `created_at` datetime DEFAULT CURRENT_TIMESTAMP,
  `updated_at` datetime DEFAULT CURRENT_TIMESTAMP ON UPDATE CURRENT_TIMESTAMP
) ENGINE=InnoDB DEFAULT CHARSET=utf8;

--
-- Déchargement des données de la table `chat_sessions`
--

INSERT INTO `chat_sessions` (`id`, `id_client`, `titre`, `created_at`, `updated_at`) VALUES
(6, 3, 'Chaussures imperméables', '2026-05-21 16:52:15', '2026-05-26 11:11:06'),
(7, 3, 'Des chaussures élégantes qu\'on peut porter au bureau et au quotidien', '2026-05-22 11:32:17', '2026-05-22 11:41:10'),
(9, 4, 'Vous avez des chaussures pour femme élégante adaptées à une soirée?', '2026-05-22 12:04:04', '2026-05-22 12:04:04'),
(10, 4, 'Avez des chaussures adaptées à une soirée à me proposer?', '2026-05-22 12:20:19', '2026-05-22 12:25:01'),
(13, 4, 'Je veux que vous on propose des chaussures adaptées à la marche et qui sont très', '2026-05-22 15:26:07', '2026-05-22 16:11:39'),
(17, 4, 'Avez- vous des chaussures de danse?', '2026-05-26 09:51:19', '2026-05-26 09:51:19'),
(18, 3, 'Des chaussures adaptées à une soirée à me proposer?', '2026-05-26 11:56:01', '2026-05-26 15:09:16'),
(19, 3, '[Recherche par image avec message : \"Avez vous des chaussures comme cette paire', '2026-05-26 16:04:06', '2026-05-26 16:20:13'),
(20, 3, 'Can you have shoes for party?', '2026-05-26 16:56:51', '2026-05-26 16:56:51'),
(21, 4, 'Chaussures imperméables', '2026-05-28 09:26:01', '2026-05-28 09:30:05'),
(22, 4, 'Avez vous des chaussure de soirées à me proposer?', '2026-05-29 09:22:26', '2026-05-29 09:43:02'),
(23, 4, '[Recherche par image avec message : \"Avez des chaussures comme celle ci?\"] Produ', '2026-05-29 09:58:22', '2026-05-29 12:06:41');

-- --------------------------------------------------------

--
-- Structure de la table `clients`
--

CREATE TABLE `clients` (
  `id_client` int(11) NOT NULL,
  `nom` varchar(100) NOT NULL,
  `prenom` varchar(100) NOT NULL,
  `adresse` text NOT NULL,
  `numero` int(20) NOT NULL,
  `mail` varchar(150) NOT NULL,
  `mdp` varchar(255) NOT NULL,
  `stripe_customer_id` varchar(255) DEFAULT NULL
) ENGINE=InnoDB DEFAULT CHARSET=utf8;

--
-- Déchargement des données de la table `clients`
--

INSERT INTO `clients` (`id_client`, `nom`, `prenom`, `adresse`, `numero`, `mail`, `mdp`, `stripe_customer_id`) VALUES
(3, 'Martin', 'Smith', '46 rue des renoncules', 712345678, 'martin.smith@gmail.com', '$2y$10$IdWK09lJw6foUhBPRArbruV6h9lvsYerQ5I0RJ.NxmhhsokgjMp9G', NULL),
(4, 'Lerre', 'Dija', '45 allée pont de sas', 756122222, 'dija.lerre@gmail.com', '$2y$10$P61f07RQFwjGen6CXIfPrOqJZKk.9oBX78Vtkkh80/RBCjTUjCvtO', 'cus_UbafMjgUDig4cv');

-- --------------------------------------------------------

--
-- Structure de la table `commandes`
--

CREATE TABLE `commandes` (
  `id_commande` int(11) NOT NULL,
  `id_client` int(11) NOT NULL,
  `date_commande` datetime NOT NULL DEFAULT CURRENT_TIMESTAMP,
  `statut` varchar(30) NOT NULL DEFAULT 'en_attente',
  `sous_total` decimal(10,2) NOT NULL DEFAULT '0.00',
  `frais_livraison` decimal(10,2) NOT NULL DEFAULT '0.00',
  `total` decimal(10,2) NOT NULL DEFAULT '0.00',
  `adresse_livraison` text,
  `stripe_payment_intent` varchar(255) DEFAULT NULL,
  `stripe_statut` varchar(50) DEFAULT NULL
) ENGINE=InnoDB DEFAULT CHARSET=utf8mb4;

--
-- Déchargement des données de la table `commandes`
--

INSERT INTO `commandes` (`id_commande`, `id_client`, `date_commande`, `statut`, `sous_total`, `frais_livraison`, `total`, `adresse_livraison`, `stripe_payment_intent`, `stripe_statut`) VALUES
(1, 4, '2026-05-29 14:18:42', 'payée', '89.99', '0.00', '89.99', '45 allée pont de sas', 'pi_3TcPN2RmWEGP0CIN1AH2aIdP', 'succeeded');

-- --------------------------------------------------------

--
-- Structure de la table `conversations`
--

CREATE TABLE `conversations` (
  `id` int(11) NOT NULL,
  `id_session` int(11) NOT NULL,
  `id_client` int(11) NOT NULL,
  `role` enum('user','assistant') NOT NULL,
  `message` text NOT NULL,
  `products` json DEFAULT NULL,
  `layout` varchar(20) DEFAULT NULL,
  `silent` tinyint(1) DEFAULT '0',
  `internal` tinyint(1) DEFAULT '0',
  `created_at` datetime DEFAULT CURRENT_TIMESTAMP
) ENGINE=InnoDB DEFAULT CHARSET=utf8;

--
-- Déchargement des données de la table `conversations`
--

INSERT INTO `conversations` (`id`, `id_session`, `id_client`, `role`, `message`, `products`, `layout`, `silent`, `internal`, `created_at`) VALUES
(19, 6, 3, 'user', 'Chaussures imperméables', '[]', NULL, 0, 0, '2026-05-21 16:52:15'),
(20, 6, 3, 'assistant', ' Voici trois chaussures imperméables que nous avons pour vous :\n\n1. RainStep WP, une paire de bottes imperméables confortables avec DryWalk, disponibles en tailles 37 à 46 et en couleurs bleu marine, kaki et noir.\n2. UrbanRidge Winter, des bottes chaudes et durables avec NordCraft, disponibles en tailles de 37 à 45 et en couleurs camel, gris et noir.\n3. SteelPro Light S1P, une paire de chaussures légères avec WorkGuard, imperméable à l\'eau et disponible en tailles 38 à 46 ainsi qu\'en deux couleurs, gris et noir.', '[{\"id\": 48, \"name\": \"RainStep WP\", \"emoji\": \"👟\", \"price\": 99.9, \"marque\": \"DryWalk\", \"tailles\": [\"37\", \"38\", \"39\", \"40\", \"41\", \"42\", \"43\", \"44\", \"45\", \"46\"], \"couleurs\": [\"Bleu marine\", \"Kaki\", \"Noir\"], \"categorie\": \"Imperméables\", \"url_image\": \"images/image48.png\", \"description\": \"Les RainStep WP prouvent qu\'une chaussure imperméable peut être élégante et discrète. Leur aspect de baskets classiques ne trahit pas leur imperméabilité totale garantie par la membrane waterproof intégrée. La tige en cuir synthétique traité repousse l\'eau dès le premier contact. La semelle en caoutchouc avec rainures profondes assure une adhérence sécurisée sur les trottoirs mouillés. Respirantes malgré leur imperméabilité, elles évitent l\'effet de botte chaude.\"}, {\"id\": 26, \"name\": \"UrbanRidge Winter\", \"emoji\": \"👟\", \"price\": 129, \"marque\": \"NordCraft\", \"tailles\": [\"37\", \"38\", \"39\", \"40\", \"41\", \"42\", \"43\", \"44\", \"45\"], \"couleurs\": [\"Camel\", \"Gris\", \"Noir\"], \"categorie\": \"Bottines\", \"url_image\": \"images/image26.png\", \"description\": \"Les UrbanRidge Winter sont pensées pour affronter les hivers rigoureux sans sacrifier le style. La doublure en laine mélangée maintient une chaleur optimale même par températures négatives. La semelle en caoutchouc épais offre une excellente résistance au froid et une bonne antidérapance sur les trottoirs glissants. L\'association lacets et zip latéral permet un enfilage rapide. Le cuir traité offre une résistance basique à l\'humidité pour les temps maussades.\"}, {\"id\": 36, \"name\": \"SteelPro Light S1P\", \"emoji\": \"👟\", \"price\": 79.9, \"marque\": \"WorkGuard\", \"tailles\": [\"38\", \"39\", \"40\", \"41\", \"42\", \"43\", \"44\", \"45\", \"46\"], \"couleurs\": [\"Gris\", \"Noir\"], \"categorie\": \"Sécurité\", \"url_image\": \"images/image36.png\", \"description\": \"Les SteelPro Light S1P prouvent que sécurité et confort ne sont pas incompatibles. Conformes à la norme S1P, elles intègrent un embout en composite léger (30% plus léger que l\'acier) sans sacrifier la protection contre les impacts de 200 joules. La semelle anti-perforation protège sans rigidifier. Légères et respirantes grâce à leur tige en mesh renforcé, elles réduisent considérablement la fatigue lors des longues journées en entrepôt ou en logistique. La doublure anti-bactérienne combat les odeurs.\"}]', NULL, 0, 0, '2026-05-21 16:52:15'),
(21, 7, 3, 'user', 'Des chaussures élégantes qu\'on peut porter au bureau et au quotidien', '[]', NULL, 0, 0, '2026-05-22 11:32:17'),
(22, 7, 3, 'assistant', 'Pour le bureau, les Oxfords **Chelsea Classic** sont un classique élégant. Si tu cherches un modèle un peu plus casual, les **Loafers Penny** sont parfaites. Pour un look plus chic, les **Espadrille Flatform** combinent élégance et confort.', '[]', NULL, 0, 0, '2026-05-22 11:32:17'),
(23, 7, 3, 'user', 'En une à deux phrases (max 20 mots), mets en avant le point fort de \"SnowShield Arctic\" (149.9€) et propose ton aide pour choisir. Ne commence pas par Bonjour.', '[]', NULL, 1, 1, '2026-05-22 11:33:23'),
(24, 7, 3, 'assistant', 'Tu cherches une protection élégante et fiable pour les températures basses ? SnowShield Arctic, avec ses technologies de pointe, t\'offre une chaleur exceptionnelle. N\'hésite pas à demander mon conseil pour trouver la taille idéale.', '[]', NULL, 0, 1, '2026-05-22 11:33:23'),
(25, 7, 3, 'user', 'Oui, j\'aime bien. Et vous avez pour cette chaussure quelle taille et quelles sont les couleurs disponibles?', '[]', NULL, 0, 0, '2026-05-22 11:41:10'),
(26, 7, 3, 'assistant', 'Les Chelsea Classic sont disponibles de la taille 37 à 46. Pour les Loafers Penny, les tailles disponibles sont de 38 à 44. Les Espadrille Flatform se trouvent de la taille 35 à 43.', '[]', NULL, 0, 0, '2026-05-22 11:41:10'),
(33, 9, 4, 'user', 'Vous avez des chaussures pour femme élégante adaptées à une soirée?', '[]', NULL, 0, 0, '2026-05-22 12:04:04'),
(34, 9, 4, 'assistant', 'Absolument ! Nous avons des options impeccables pour ta soirée. As-tu vu les **Espadrilles Platforme Espadrille Luna** ? Des espadrilles au design classique et confortables, disponibles de la **37 à la 46**. Pour un look plus chic, les **Baskets Lifestyle Chelsea Boot** sont une excellente choix. Ces baskets ont un style raffiné et seront parfaites avec une robe ou une jupe longue.', '[]', NULL, 0, 0, '2026-05-22 12:04:04'),
(35, 10, 4, 'user', 'Avez des chaussures adaptées à une soirée à me proposer?', '[]', NULL, 0, 0, '2026-05-22 12:20:19'),
(36, 10, 4, 'assistant', 'Absolument ! Les NightElegance Stiletto sont parfait pour une soirée. Ils sont sophistiqués et élégants, et la couleur argent est un classique.', '[{\"id\": 34, \"name\": \"NightElegance Stiletto\", \"emoji\": \"👟\", \"price\": 109, \"marque\": \"BelleMode\", \"tailles\": [\"36\", \"37\", \"38\", \"39\", \"40\", \"41\"], \"couleurs\": [\"Argent\", \"Champagne\", \"Rose gold\"], \"categorie\": \"Talons\", \"url_image\": \"images/image34.png\", \"description\": \"Les NightElegance Stiletto sont créées pour les moments d\'exception qui méritent une chaussure d\'exception. Le satin luxueux de la tige capte la lumière avec élégance, sublimé par une ornementation en cristaux sur la bride. Le talon de 10cm et le bout amande allongent visuellement la jambe pour une silhouette somptueuse. Disponibles dans des teintes métallisées précieuses, elles subliment les robes de soirée, les tenues de mariage ou de cocktail.\"}]', NULL, 0, 0, '2026-05-22 12:20:19'),
(37, 10, 4, 'user', 'Et avec vous en taille 37 et la couleur argent pour cette pèque de chaussures.', '[]', NULL, 0, 0, '2026-05-22 12:25:01'),
(38, 10, 4, 'assistant', 'Malheureusement, il n\'y a aucun produit correspondant à votre description. Cependant, les NightGlamour Pump en argent taille 37 ou les LunaStiletto en argent taille 38 pourraient vous convenir.', '[]', NULL, 0, 0, '2026-05-22 12:25:01'),
(53, 13, 4, 'user', 'Je veux que vous on propose des chaussures adaptées à la marche et qui sont très confortables.', '[]', NULL, 0, 0, '2026-05-22 15:26:07'),
(54, 13, 4, 'assistant', 'D\'accord ! Les modèles les plus adaptés pour la marche et la confort sont la **NatureFlex Wide** avec ses largeurs de pieds confortables ou le **WalkPro Comfort** avec son design flexible et doux. Pour un look plus minimaliste, la **TrailWalk Nature** est une excellente alternative.', '[{\"id\": 43, \"name\": \"TrailWalk Nature\", \"emoji\": \"👟\", \"price\": 74.9, \"marque\": \"MountainEdge\", \"tailles\": [\"37\", \"38\", \"39\", \"40\", \"41\", \"42\", \"43\", \"44\", \"45\"], \"couleurs\": [\"Beige\", \"Gris taupe\", \"Vert olive\"], \"categorie\": \"Marche\", \"url_image\": \"images/image43.png\", \"description\": \"Les TrailWalk Nature sont la chaussure de marche polyvalente par excellence pour ceux qui aiment alterner chemins de campagne et rues pavées. La semelle en caoutchouc trail offre une bonne accroche sur les sols variés : herbe humide, chemins de terre, pierres et asphalte. Légères et confortables dès le premier port, elles conviennent aussi bien aux promenades du dimanche qu\'aux marches de plusieurs heures. Un excellent rapport qualité-prix pour débuter la marche nature.\"}, {\"id\": 42, \"name\": \"WalkPro Comfort\", \"emoji\": \"👟\", \"price\": 89.9, \"marque\": \"GentleStep\", \"tailles\": [\"37\", \"38\", \"39\", \"40\", \"41\", \"42\", \"43\", \"44\", \"45\", \"46\"], \"couleurs\": [\"Blanc\", \"Bleu ciel\", \"Gris\"], \"categorie\": \"Marche\", \"url_image\": \"images/image42.png\", \"description\": \"Les WalkPro Comfort sont conçues pour les marcheurs qui privilégient le confort avant tout. Le support plantaire en gel anatomique répartit uniformément les pressions sous le pied, réduisant douleurs et fatigue même lors de très longues marches. L\'embout large offre la place nécessaire aux orteils sans pincement. La semelle EVA renforcée amorti efficacement sur tous les revêtements urbains. L\'ouverture large et le système de lacets à enroulement facilitent l\'enfilage pour les personnes à mobilité réduite.\"}, {\"id\": 45, \"name\": \"NatureFlex Wide\", \"emoji\": \"👟\", \"price\": 119.9, \"marque\": \"FreeMotion\", \"tailles\": [\"36\", \"37\", \"38\", \"39\", \"40\", \"41\", \"42\", \"43\", \"44\", \"45\", \"46\"], \"couleurs\": [\"Bleu indigo\", \"Charbon\", \"Terracotta\"], \"categorie\": \"Minimalistes\", \"url_image\": \"images/image45.png\", \"description\": \"Les NatureFlex Wide combinent les bénéfices du minimalisme avec un embout extra-large qui laisse les orteils libres de s\'étaler naturellement. L\'embout wide est particulièrement recommandé pour les personnes ayant des orteils en éventail, des oignons ou simplement préférant un espace généreux. La tige en mesh 3D offre une ventilation optimale pour les longues journées. La semelle de 6mm offre une protection légèrement supérieure au BareStep, idéale pour commencer la transition minimaliste en douceur.\"}]', NULL, 0, 0, '2026-05-22 15:26:07'),
(55, 13, 4, 'user', 'En une seule phrase courte (max 20 mots), parle directement au client de son panier (ComfortStep Pro ×1 à 69.9€) et encourage-le à finaliser sa commande. Ne commence pas par Bonjour.', '[]', NULL, 1, 1, '2026-05-22 16:11:39'),
(56, 13, 4, 'assistant', 'Tu cherches des chaussures confortables pour ton quotidien ? Le **ComfortStep Pro** est parfait pour toi ! Disponible de la taille 37 à 46, il s\'avère très polyvalent. N\'attends plus et finalise ta commande !', '[{\"id\": 43, \"name\": \"TrailWalk Nature\", \"emoji\": \"👟\", \"price\": 74.9, \"marque\": \"MountainEdge\", \"tailles\": [\"37\", \"38\", \"39\", \"40\", \"41\", \"42\", \"43\", \"44\", \"45\"], \"couleurs\": [\"Beige\", \"Gris taupe\", \"Vert olive\"], \"categorie\": \"Marche\", \"url_image\": \"images/image43.png\", \"description\": \"Les TrailWalk Nature sont la chaussure de marche polyvalente par excellence pour ceux qui aiment alterner chemins de campagne et rues pavées. La semelle en caoutchouc trail offre une bonne accroche sur les sols variés : herbe humide, chemins de terre, pierres et asphalte. Légères et confortables dès le premier port, elles conviennent aussi bien aux promenades du dimanche qu\'aux marches de plusieurs heures. Un excellent rapport qualité-prix pour débuter la marche nature.\"}, {\"id\": 42, \"name\": \"WalkPro Comfort\", \"emoji\": \"👟\", \"price\": 89.9, \"marque\": \"GentleStep\", \"tailles\": [\"37\", \"38\", \"39\", \"40\", \"41\", \"42\", \"43\", \"44\", \"45\", \"46\"], \"couleurs\": [\"Blanc\", \"Bleu ciel\", \"Gris\"], \"categorie\": \"Marche\", \"url_image\": \"images/image42.png\", \"description\": \"Les WalkPro Comfort sont conçues pour les marcheurs qui privilégient le confort avant tout. Le support plantaire en gel anatomique répartit uniformément les pressions sous le pied, réduisant douleurs et fatigue même lors de très longues marches. L\'embout large offre la place nécessaire aux orteils sans pincement. La semelle EVA renforcée amorti efficacement sur tous les revêtements urbains. L\'ouverture large et le système de lacets à enroulement facilitent l\'enfilage pour les personnes à mobilité réduite.\"}, {\"id\": 45, \"name\": \"NatureFlex Wide\", \"emoji\": \"👟\", \"price\": 119.9, \"marque\": \"FreeMotion\", \"tailles\": [\"36\", \"37\", \"38\", \"39\", \"40\", \"41\", \"42\", \"43\", \"44\", \"45\", \"46\"], \"couleurs\": [\"Bleu indigo\", \"Charbon\", \"Terracotta\"], \"categorie\": \"Minimalistes\", \"url_image\": \"images/image45.png\", \"description\": \"Les NatureFlex Wide combinent les bénéfices du minimalisme avec un embout extra-large qui laisse les orteils libres de s\'étaler naturellement. L\'embout wide est particulièrement recommandé pour les personnes ayant des orteils en éventail, des oignons ou simplement préférant un espace généreux. La tige en mesh 3D offre une ventilation optimale pour les longues journées. La semelle de 6mm offre une protection légèrement supérieure au BareStep, idéale pour commencer la transition minimaliste en douceur.\"}]', NULL, 0, 1, '2026-05-22 16:11:39'),
(69, 17, 4, 'user', 'Avez- vous des chaussures de danse?', '[]', NULL, 0, 0, '2026-05-26 09:51:19'),
(70, 17, 4, 'assistant', 'Je vois que tu cherches des chaussures pour la danse ! Nous avons deux modèles qui devraient te convenir.\n\nPour commencer, j\'ai trouvé les StudioPro Latin de MoveArt qui sont idéaux pour la danse latine. Avec une large gamme de couleurs disponibles, dont l\'Argent et le Noir, et des tailles allant de 35 à 42, ils devraient s\'adapter parfaitement à tes besoins.\n\nSi tu cherches quelque chose de plus classique, je te recommande les FlexDance Studio également de MoveArt. Ils ont une touche éлеганante avec leurs couleurs Noir et Blanc, et des tailles disponibles qui vont du 35 au 42.', '[{\"id\": 52, \"name\": \"StudioPro Latin\", \"emoji\": \"👟\", \"price\": 89.9, \"marque\": \"MoveArt\", \"tailles\": [\"35\", \"36\", \"37\", \"38\", \"39\", \"40\", \"41\", \"42\"], \"couleurs\": [\"Argent\", \"Noir\", \"Rouge\"], \"categorie\": \"Danse\", \"url_image\": \"images/image52.png\", \"description\": \"Les StudioPro Latin sont spécialement développées pour les danseuses de salsa, bachata, merengue et danses latines. Le talon cubain de 5cm offre la hauteur et la stabilité caractéristiques de ces danses, permettant d\'exécuter virages et déplacements avec précision. La semelle en daim offre le niveau de glisse idéal sur les parquets sans risque de dérapage. La bride de cheville réglable maintient le pied fermement dans la chaussure pendant les tours. Conçues pour des heures de pratique sans douleur.\"}, {\"id\": 51, \"name\": \"FlexDance Studio\", \"emoji\": \"👟\", \"price\": 69.90000000000002, \"marque\": \"MoveArt\", \"tailles\": [\"35\", \"36\", \"37\", \"38\", \"39\", \"40\", \"41\", \"42\"], \"couleurs\": [\"Blanc\", \"Noir\", \"Nude\"], \"categorie\": \"Danse\", \"url_image\": \"images/image51.png\", \"description\": \"Les FlexDance Studio sont conçues pour les danseuses pratiquant le ballet jazz et le modern jazz. La semelle split en daim naturel (avant-pied et talon séparés) offre une flexibilité maximale du pied tout en assurant l\'adhérence nécessaire sur les parquets de danse. La toile de danse légère épouse parfaitement le pied pour une proprioception optimale. L\'avant-pied en caoutchouc offre une durabilité supplémentaire aux zones de forte usure. Une chaussure technique pour danseuses exigeantes.\"}]', NULL, 0, 0, '2026-05-26 09:51:19'),
(71, 6, 3, 'user', 'La dernière proposée est disponible en couleur rouge?', '[]', NULL, 0, 0, '2026-05-26 11:00:51'),
(72, 6, 3, 'assistant', 'Désolé, mais aucune couleur rouge n\'est proposée pour la taille 46 de RainStep WP. Les couleurs disponibles sont bleu marine, kaki et noir.', '[{\"id\": 48, \"name\": \"RainStep WP\", \"emoji\": \"👟\", \"price\": 99.9, \"marque\": \"DryWalk\", \"tailles\": [\"37\", \"38\", \"39\", \"40\", \"41\", \"42\", \"43\", \"44\", \"45\", \"46\"], \"couleurs\": [\"Bleu marine\", \"Kaki\", \"Noir\"], \"categorie\": \"Imperméables\", \"url_image\": \"images/image48.png\", \"description\": \"Les RainStep WP prouvent qu\'une chaussure imperméable peut être élégante et discrète. Leur aspect de baskets classiques ne trahit pas leur imperméabilité totale garantie par la membrane waterproof intégrée. La tige en cuir synthétique traité repousse l\'eau dès le premier contact. La semelle en caoutchouc avec rainures profondes assure une adhérence sécurisée sur les trottoirs mouillés. Respirantes malgré leur imperméabilité, elles évitent l\'effet de botte chaude.\"}]', NULL, 0, 0, '2026-05-26 11:00:51'),
(73, 6, 3, 'user', 'je parlais de la dernière paire propsée pas de la première', '[]', NULL, 0, 0, '2026-05-26 11:11:06'),
(74, 6, 3, 'assistant', 'Une bonne alternative à la SteelPro Light S1P pourrait être la StormGuard Boot, une paire de bottes imperméables robuste et fiable avec DryWalk, disponible en tailles 37-46 et en couleurs Bordeaux, Noir ou Vert hunter. Elle offre un excellent niveau d\'isolation et de protection contre les éléments.', '[{\"id\": 49, \"name\": \"StormGuard Boot\", \"emoji\": \"👟\", \"price\": 129.9, \"marque\": \"DryWalk\", \"tailles\": [\"37\", \"38\", \"39\", \"40\", \"41\", \"42\", \"43\", \"44\", \"45\", \"46\"], \"couleurs\": [\"Bordeaux\", \"Noir\", \"Vert hunter\"], \"categorie\": \"Imperméables\", \"url_image\": \"images/image49.png\", \"description\": \"Les StormGuard Boot sont les bottes tout-terrain pour ceux qui n\'ont pas peur des éléments. La tige en caoutchouc naturel de 20cm de hauteur offre une étanchéité absolue même dans les flaques profondes. La doublure en néoprène maintient les pieds chauds dans l\'eau froide jusqu\'à environ 5°C. Les crampons profonds de la semelle mordent efficacement dans la boue épaisse et les terrains détrempés. Idéales pour la chasse, la pêche, le jardinage ou les festivals pluvieux.\"}]', NULL, 0, 0, '2026-05-26 11:11:06'),
(75, 18, 3, 'user', 'Des chaussures adaptées à une soirée à me proposer?', '[]', NULL, 0, 0, '2026-05-26 11:56:01'),
(76, 18, 3, 'assistant', 'Je pense que tu pourrais apprécier les NightElegance Stiletto, des talons élégants avec un design sophistiqué qui conviendra parfaitement à une soirée. Disponibles en argent, champagne et rose gold.\n\nSi tu préfères quelque chose de plus confortable, les SoftHeel Block sont une excellente alternative, car ils offrent un blocage du pied pour un port facile tout en gardant l\'apparence d\'une chaussure haute. Ils sont disponibles en bleu marine, camel et noir.\n\nL\'Élégance Haute Nuit est également une option à considérer, car elle offre un style haut de gamme avec des couleurs sophistiquées comme le noir, l\'or et le rouge carmin qui ajoutera une touche élégante à ton look.', '[{\"id\": 34, \"name\": \"NightElegance Stiletto\", \"emoji\": \"👟\", \"price\": 109, \"marque\": \"BelleMode\", \"tailles\": [\"36\", \"37\", \"38\", \"39\", \"40\", \"41\"], \"couleurs\": [\"Argent\", \"Champagne\", \"Rose gold\"], \"categorie\": \"Talons\", \"url_image\": \"images/image34.png\", \"description\": \"Les NightElegance Stiletto sont créées pour les moments d\'exception qui méritent une chaussure d\'exception. Le satin luxueux de la tige capte la lumière avec élégance, sublimé par une ornementation en cristaux sur la bride. Le talon de 10cm et le bout amande allongent visuellement la jambe pour une silhouette somptueuse. Disponibles dans des teintes métallisées précieuses, elles subliment les robes de soirée, les tenues de mariage ou de cocktail.\"}, {\"id\": 33, \"name\": \"SoftHeel Block\", \"emoji\": \"👟\", \"price\": 79.9, \"marque\": \"BelleMode\", \"tailles\": [\"36\", \"37\", \"38\", \"39\", \"40\", \"41\", \"42\"], \"couleurs\": [\"Bleu marine\", \"Camel\", \"Noir\"], \"categorie\": \"Talons\", \"url_image\": \"images/image33.png\", \"description\": \"Les SoftHeel Block combinent l\'élégance d\'un talon et le confort d\'une chaussure plate. Le talon bloc de 5cm offre une belle hauteur tout en garantissant une stabilité que les talons aiguilles ne peuvent égaler. L\'embout carré apporte une modernité dans la ligne de la chaussure très tendance. La semelle en caoutchouc assure un bon amorti sur les sols durs des bureaux et trottoirs. Idéales pour les femmes qui veulent rester à l\'aise sans renoncer à la féminité.\"}, {\"id\": 32, \"name\": \"Élégance Haute Nuit\", \"emoji\": \"👟\", \"price\": 89.9, \"marque\": \"BelleMode\", \"tailles\": [\"36\", \"37\", \"38\", \"39\", \"40\", \"41\"], \"couleurs\": [\"Noir\", \"Or\", \"Rouge carmin\"], \"categorie\": \"Talons\", \"url_image\": \"images/image32.png\", \"description\": \"Les Élégance Haute Nuit sont la chaussure de soirée par excellence pour les occasions qui méritent d\'être à la hauteur. Le talon aiguille de 9cm et le bout pointu créent une silhouette élancée et sophistiquée. La bride de cheville fine et ajustable assure le maintien du pied tout au long de la nuit. La semelle antidérapante apportée en embout métal offre une sécurité accrue sur les parquets lisses. Disponibles en noir sobre, rouge passion ou or festif pour toutes les tenues.\"}]', NULL, 0, 0, '2026-05-26 11:56:01'),
(77, 18, 3, 'user', 'peux tu me faire une comparaison entre la première et la dernière paire proposée?', '[]', NULL, 0, 0, '2026-05-26 12:00:52'),
(78, 18, 3, 'assistant', 'Bien sûr, voici le comparatif NightElegance Stiletto vs Élégance Haute Nuit :', '[{\"id\": 34, \"name\": \"NightElegance Stiletto\", \"emoji\": \"👟\", \"price\": 109, \"marque\": \"BelleMode\", \"resume\": \"La chaussure NightElegance Stiletto est élégante et luxueuse avec un talon haut de 10cm.\", \"tailles\": [\"36\", \"37\", \"38\", \"39\", \"40\", \"41\"], \"couleurs\": [\"Argent\", \"Champagne\", \"Rose gold\"], \"categorie\": \"Talons\", \"url_image\": \"images/image34.png\", \"description\": \"Les NightElegance Stiletto sont créées pour les moments d\'exception qui méritent une chaussure d\'exception. Le satin luxueux de la tige capte la lumière avec élégance, sublimé par une ornementation en cristaux sur la bride. Le talon de 10cm et le bout amande allongent visuellement la jambe pour une silhouette somptueuse. Disponibles dans des teintes métallisées précieuses, elles subliment les robes de soirée, les tenues de mariage ou de cocktail.\"}, {\"id\": 32, \"name\": \"Élégance Haute Nuit\", \"emoji\": \"👟\", \"price\": 89.9, \"marque\": \"BelleMode\", \"resume\": \"Conçue pour les soirées élégantes, avec un talon aiguille et une bride ajustable pour un maintien sûr.\", \"tailles\": [\"36\", \"37\", \"38\", \"39\", \"40\", \"41\"], \"couleurs\": [\"Noir\", \"Or\", \"Rouge carmin\"], \"categorie\": \"Talons\", \"url_image\": \"images/image32.png\", \"description\": \"Les Élégance Haute Nuit sont la chaussure de soirée par excellence pour les occasions qui méritent d\'être à la hauteur. Le talon aiguille de 9cm et le bout pointu créent une silhouette élancée et sophistiquée. La bride de cheville fine et ajustable assure le maintien du pied tout au long de la nuit. La semelle antidérapante apportée en embout métal offre une sécurité accrue sur les parquets lisses. Disponibles en noir sobre, rouge passion ou or festif pour toutes les tenues.\"}]', 'comparison', 0, 0, '2026-05-26 12:00:52'),
(79, 18, 3, 'user', 'Ajouter au panier le NightElegance Stiletto', '[]', NULL, 0, 0, '2026-05-26 12:34:04'),
(80, 18, 3, 'assistant', 'Je vais ajouter les NightElegance Stiletto à ton panier ! C\'est un excellent choix pour une soirée élégante, je suis sûr que tu vas les adorer ! (109.00€)', '[]', NULL, 0, 0, '2026-05-26 12:34:04'),
(81, 18, 3, 'user', 'En une phrase (max 20 mots), fais un commentaire positif sur le choix du client (FlexRun Training ×1 à 99.99€, ClassicFit Premium ×1 à 119€) et invite-le à commander. Ne commence pas par Bonjour.', '[]', NULL, 1, 1, '2026-05-26 15:08:49'),
(82, 18, 3, 'assistant', 'Le choix du FlexRun Training est une excellente décision, car c\'est un produit haut de gamme qui répondra à tes besoins ! Je vais te les ajouter au panier. \n\nTu as désormais dans ton panier : NightElegance Stiletto et FlexRun Training.', '[{\"id\": 34, \"name\": \"NightElegance Stiletto\", \"emoji\": \"👟\", \"price\": 109, \"marque\": \"BelleMode\", \"resume\": \"La chaussure NightElegance Stiletto est élégante et luxueuse avec un talon haut de 10cm.\", \"tailles\": [\"36\", \"37\", \"38\", \"39\", \"40\", \"41\"], \"couleurs\": [\"Argent\", \"Champagne\", \"Rose gold\"], \"categorie\": \"Talons\", \"url_image\": \"images/image34.png\", \"description\": \"Les NightElegance Stiletto sont créées pour les moments d\'exception qui méritent une chaussure d\'exception. Le satin luxueux de la tige capte la lumière avec élégance, sublimé par une ornementation en cristaux sur la bride. Le talon de 10cm et le bout amande allongent visuellement la jambe pour une silhouette somptueuse. Disponibles dans des teintes métallisées précieuses, elles subliment les robes de soirée, les tenues de mariage ou de cocktail.\"}, {\"id\": 32, \"name\": \"Élégance Haute Nuit\", \"emoji\": \"👟\", \"price\": 89.9, \"marque\": \"BelleMode\", \"resume\": \"Conçue pour les soirées élégantes, avec un talon aiguille et une bride ajustable pour un maintien sûr.\", \"tailles\": [\"36\", \"37\", \"38\", \"39\", \"40\", \"41\"], \"couleurs\": [\"Noir\", \"Or\", \"Rouge carmin\"], \"categorie\": \"Talons\", \"url_image\": \"images/image32.png\", \"description\": \"Les Élégance Haute Nuit sont la chaussure de soirée par excellence pour les occasions qui méritent d\'être à la hauteur. Le talon aiguille de 9cm et le bout pointu créent une silhouette élancée et sophistiquée. La bride de cheville fine et ajustable assure le maintien du pied tout au long de la nuit. La semelle antidérapante apportée en embout métal offre une sécurité accrue sur les parquets lisses. Disponibles en noir sobre, rouge passion ou or festif pour toutes les tenues.\"}]', NULL, 0, 1, '2026-05-26 15:08:49'),
(83, 18, 3, 'user', 'En une phrase (max 20 mots), félicite le client pour son choix (FlexRun Training ×1 à 99.99€, ClassicFit Premium ×1 à 119€) et encourage-le à passer commande. Ne commence pas par Bonjour.', '[]', NULL, 1, 1, '2026-05-26 15:09:16'),
(84, 18, 3, 'assistant', ' Félicitations pour ton choix du FlexRun Training ! C\'est un excellent choix pour tes entraînements ! Je vais valider ta commande.', '[{\"id\": 34, \"name\": \"NightElegance Stiletto\", \"emoji\": \"👟\", \"price\": 109, \"marque\": \"BelleMode\", \"resume\": \"La chaussure NightElegance Stiletto est élégante et luxueuse avec un talon haut de 10cm.\", \"tailles\": [\"36\", \"37\", \"38\", \"39\", \"40\", \"41\"], \"couleurs\": [\"Argent\", \"Champagne\", \"Rose gold\"], \"categorie\": \"Talons\", \"url_image\": \"images/image34.png\", \"description\": \"Les NightElegance Stiletto sont créées pour les moments d\'exception qui méritent une chaussure d\'exception. Le satin luxueux de la tige capte la lumière avec élégance, sublimé par une ornementation en cristaux sur la bride. Le talon de 10cm et le bout amande allongent visuellement la jambe pour une silhouette somptueuse. Disponibles dans des teintes métallisées précieuses, elles subliment les robes de soirée, les tenues de mariage ou de cocktail.\"}, {\"id\": 32, \"name\": \"Élégance Haute Nuit\", \"emoji\": \"👟\", \"price\": 89.9, \"marque\": \"BelleMode\", \"resume\": \"Conçue pour les soirées élégantes, avec un talon aiguille et une bride ajustable pour un maintien sûr.\", \"tailles\": [\"36\", \"37\", \"38\", \"39\", \"40\", \"41\"], \"couleurs\": [\"Noir\", \"Or\", \"Rouge carmin\"], \"categorie\": \"Talons\", \"url_image\": \"images/image32.png\", \"description\": \"Les Élégance Haute Nuit sont la chaussure de soirée par excellence pour les occasions qui méritent d\'être à la hauteur. Le talon aiguille de 9cm et le bout pointu créent une silhouette élancée et sophistiquée. La bride de cheville fine et ajustable assure le maintien du pied tout au long de la nuit. La semelle antidérapante apportée en embout métal offre une sécurité accrue sur les parquets lisses. Disponibles en noir sobre, rouge passion ou or festif pour toutes les tenues.\"}]', NULL, 0, 1, '2026-05-26 15:09:16'),
(85, 19, 3, 'user', '[Recherche par image avec message : \"Avez vous des chaussures comme cette paire à me proposer?\"] Produits suggérés : NeoUrban Street (109.90€)', '[]', NULL, 0, 0, '2026-05-26 16:04:06'),
(86, 19, 3, 'assistant', 'Je vois que tu cherches des chaussures similaires à la paire envoyée ! Je te propose les NeoUrban Street d\'UrbanStep, qui ont une forme et un design très proche de ce que je vois sur l\'image.\n\nLes NeoUrban Street sont disponibles en taille 40-46 et en trois couleurs : Gris anthracite, Kaki et Noir. Elles sont également très confortables et parfaites pour les activités quotidiennes.\n\nJe te recommande d\'essayer les NeoUrban Street, elles sont vraiment des alternatives excellentes à la paire que tu as envoyée !', '[{\"id\": 4, \"name\": \"NeoUrban Street\", \"emoji\": \"👟\", \"price\": 109.9, \"marque\": \"UrbanStep\", \"tailles\": [\"40\", \"41\", \"42\", \"43\", \"44\", \"45\", \"46\"], \"couleurs\": [\"Gris anthracite\", \"Kaki\", \"Noir\"], \"categorie\": \"Baskets lifestyle\", \"url_image\": \"images/image4.png\", \"description\": \"Les NeoUrban Street combinent esthétique technique et confort urbain dans un design masculin assumé. Les overlays en matière synthétique renforcent les zones d\'usure tout en apportant une structure au pied. La semelle bi-densité offre un amorti adapté aux longues marches sur bitume. La languette zippée sur le côté facilite l\'enfilage. Le traitement anti-odeur de la doublure assure une hygiène durable même lors d\'une utilisation intensive.\"}]', NULL, 0, 0, '2026-05-26 16:04:06'),
(87, 19, 3, 'user', 'En une phrase (max 20 mots), félicite le client pour son choix (ClassicFit Premium ×1 à 119€, ClassicFit Premium ×1 à 119€) et encourage-le à passer commande.', '[]', NULL, 1, 1, '2026-05-26 16:05:59'),
(88, 19, 3, 'assistant', 'Tu as fait un excellent choix avec deux paires de ClassicFit Premium ! Je confirme que tu veux les deux modèles à la même prix de 119€ chacune, c\'est parfait !', '[]', NULL, 0, 1, '2026-05-26 16:05:59'),
(89, 19, 3, 'user', 'En une phrase (max 20 mots), fais un commentaire positif sur le choix du client (ClassicFit Premium ×1 à 119€) et invite-le à commander. Ne commence pas par Bonjour.', '[]', NULL, 1, 1, '2026-05-26 16:08:02'),
(90, 19, 3, 'assistant', 'C\'est un excellent choix avec les ClassicFit Premium ! Tu as choisi l\'un des meilleurs modèles de notre collection pour seulement 119€ ! Je vais procéder à la préparation de ton commande pour les ClassicFit Premium.', '[{\"id\": 4, \"name\": \"NeoUrban Street\", \"emoji\": \"👟\", \"price\": 109.9, \"marque\": \"UrbanStep\", \"tailles\": [\"40\", \"41\", \"42\", \"43\", \"44\", \"45\", \"46\"], \"couleurs\": [\"Gris anthracite\", \"Kaki\", \"Noir\"], \"categorie\": \"Baskets lifestyle\", \"url_image\": \"images/image4.png\", \"description\": \"Les NeoUrban Street combinent esthétique technique et confort urbain dans un design masculin assumé. Les overlays en matière synthétique renforcent les zones d\'usure tout en apportant une structure au pied. La semelle bi-densité offre un amorti adapté aux longues marches sur bitume. La languette zippée sur le côté facilite l\'enfilage. Le traitement anti-odeur de la doublure assure une hygiène durable même lors d\'une utilisation intensive.\"}]', NULL, 0, 1, '2026-05-26 16:08:02'),
(91, 19, 3, 'user', 'Est-elle disponible pour la couleur noir en taille 42?', '[]', NULL, 0, 0, '2026-05-26 16:20:13'),
(92, 19, 3, 'assistant', 'Oui, la NeoUrban Street est disponible en noir, mais je n\'ai pas trouvé d\'information spécifique à la taille 42. La taille 42 ne figure pas dans la liste des tailles disponibles.', '[{\"id\": 4, \"name\": \"NeoUrban Street\", \"emoji\": \"👟\", \"price\": 109.9, \"marque\": \"UrbanStep\", \"tailles\": [\"40\", \"41\", \"42\", \"43\", \"44\", \"45\", \"46\"], \"couleurs\": [\"Gris anthracite\", \"Kaki\", \"Noir\"], \"categorie\": \"Baskets lifestyle\", \"url_image\": \"images/image4.png\", \"description\": \"Les NeoUrban Street combinent esthétique technique et confort urbain dans un design masculin assumé. Les overlays en matière synthétique renforcent les zones d\'usure tout en apportant une structure au pied. La semelle bi-densité offre un amorti adapté aux longues marches sur bitume. La languette zippée sur le côté facilite l\'enfilage. Le traitement anti-odeur de la doublure assure une hygiène durable même lors d\'une utilisation intensive.\"}]', NULL, 0, 0, '2026-05-26 16:20:13'),
(93, 21, 4, 'user', 'Chaussures imperméables', '[]', NULL, 0, 0, '2026-05-28 09:26:01'),
(94, 21, 4, 'assistant', 'Si tu es à la recherche de chaussures imperméables, je te recommande les modèles suivants.\n\nLe RainStep WP de DryWalk serait parfait pour toi. Il est conçu pour résister aux intempéries et dispose d\'un design moderne qui ira bien avec n\'importe quel look. Disponible en 37-46 et en trois couleurs : Bleu marine, Kaki et Noir.\n\nSi tu cherches quelque chose de plus robuste, je te suggère le StormGuard Boot également de la marque DryWalk. Il est conçu pour les conditions météorologiques les plus difficiles et dispose d\'une protection exceptionnelle contre l\'eau. Les tailles disponibles sont 37-46 et il est disponible en trois couleurs : Bordeaux, Noir et Vert hunter.\n\nEnfin, si tu cherches quelque chose de légèrement différent, je te recommande le SnowShield Arctic de NordCraft. Il est conçu pour les conditions extrêmes et dispose d\'une isolation exceptionnelle contre le froid. Les tailles disponibles sont 37-46 et il est disponible en trois couleurs : Bleu nuit, Gris anthracite et Noir.', '[{\"id\": 48, \"name\": \"RainStep WP\", \"emoji\": \"👟\", \"price\": 99.9, \"marque\": \"DryWalk\", \"tailles\": [\"37\", \"38\", \"39\", \"40\", \"41\", \"42\", \"43\", \"44\", \"45\", \"46\"], \"couleurs\": [\"Bleu marine\", \"Kaki\", \"Noir\"], \"categorie\": \"Imperméables\", \"url_image\": \"images/image48.png\", \"description\": \"Les RainStep WP prouvent qu\'une chaussure imperméable peut être élégante et discrète. Leur aspect de baskets classiques ne trahit pas leur imperméabilité totale garantie par la membrane waterproof intégrée. La tige en cuir synthétique traité repousse l\'eau dès le premier contact. La semelle en caoutchouc avec rainures profondes assure une adhérence sécurisée sur les trottoirs mouillés. Respirantes malgré leur imperméabilité, elles évitent l\'effet de botte chaude.\"}, {\"id\": 49, \"name\": \"StormGuard Boot\", \"emoji\": \"👟\", \"price\": 129.9, \"marque\": \"DryWalk\", \"tailles\": [\"37\", \"38\", \"39\", \"40\", \"41\", \"42\", \"43\", \"44\", \"45\", \"46\"], \"couleurs\": [\"Bordeaux\", \"Noir\", \"Vert hunter\"], \"categorie\": \"Imperméables\", \"url_image\": \"images/image49.png\", \"description\": \"Les StormGuard Boot sont les bottes tout-terrain pour ceux qui n\'ont pas peur des éléments. La tige en caoutchouc naturel de 20cm de hauteur offre une étanchéité absolue même dans les flaques profondes. La doublure en néoprène maintient les pieds chauds dans l\'eau froide jusqu\'à environ 5°C. Les crampons profonds de la semelle mordent efficacement dans la boue épaisse et les terrains détrempés. Idéales pour la chasse, la pêche, le jardinage ou les festivals pluvieux.\"}, {\"id\": 28, \"name\": \"SnowShield Arctic\", \"emoji\": \"👟\", \"price\": 149.9, \"marque\": \"NordCraft\", \"tailles\": [\"37\", \"38\", \"39\", \"40\", \"41\", \"42\", \"43\", \"44\", \"45\", \"46\"], \"couleurs\": [\"Bleu nuit\", \"Gris anthracite\", \"Noir\"], \"categorie\": \"Bottines\", \"url_image\": \"images/image28.png\", \"description\": \"Les SnowShield Arctic sont conçues pour les conditions hivernales les plus sévères. L\'isolation Thinsulate 200g garantit une chaleur optimale jusqu\'à -25°C sans alourdir excessivement la chaussure. La tige en nylon imperméable et la semelle résistante au froid empêchent tout durcissement par basses températures. Le crampon neige amovible fourni avec les chaussures offre une traction supplémentaire sur verglas. La fermeture velcro facilite l\'enfilage avec des gants.\"}]', NULL, 0, 0, '2026-05-28 09:26:01'),
(95, 21, 4, 'user', 'Pour la premier paire est-elle disponible en taille 40?', '[]', NULL, 0, 0, '2026-05-28 09:29:28'),
(96, 21, 4, 'assistant', 'Oui, la paire RainStep WP est disponible en taille 40. C\'est une des tailles proposées dans la liste de disponibilité.', '[{\"id\": 48, \"name\": \"RainStep WP\", \"emoji\": \"👟\", \"price\": 99.9, \"marque\": \"DryWalk\", \"tailles\": [\"37\", \"38\", \"39\", \"40\", \"41\", \"42\", \"43\", \"44\", \"45\", \"46\"], \"couleurs\": [\"Bleu marine\", \"Kaki\", \"Noir\"], \"categorie\": \"Imperméables\", \"url_image\": \"images/image48.png\", \"description\": \"Les RainStep WP prouvent qu\'une chaussure imperméable peut être élégante et discrète. Leur aspect de baskets classiques ne trahit pas leur imperméabilité totale garantie par la membrane waterproof intégrée. La tige en cuir synthétique traité repousse l\'eau dès le premier contact. La semelle en caoutchouc avec rainures profondes assure une adhérence sécurisée sur les trottoirs mouillés. Respirantes malgré leur imperméabilité, elles évitent l\'effet de botte chaude.\"}]', NULL, 0, 0, '2026-05-28 09:29:29'),
(97, 21, 4, 'user', 'et en couleur bleu marine?', '[]', NULL, 0, 0, '2026-05-28 09:30:05'),
(98, 21, 4, 'assistant', 'La RainStep WP est disponible en couleur bleu marine. Vous pouvez la trouver dans différentes tailles, notamment la taille 37 à 46.', '[{\"id\": 48, \"name\": \"RainStep WP\", \"emoji\": \"👟\", \"price\": 99.9, \"marque\": \"DryWalk\", \"tailles\": [\"37\", \"38\", \"39\", \"40\", \"41\", \"42\", \"43\", \"44\", \"45\", \"46\"], \"couleurs\": [\"Bleu marine\", \"Kaki\", \"Noir\"], \"categorie\": \"Imperméables\", \"url_image\": \"images/image48.png\", \"description\": \"Les RainStep WP prouvent qu\'une chaussure imperméable peut être élégante et discrète. Leur aspect de baskets classiques ne trahit pas leur imperméabilité totale garantie par la membrane waterproof intégrée. La tige en cuir synthétique traité repousse l\'eau dès le premier contact. La semelle en caoutchouc avec rainures profondes assure une adhérence sécurisée sur les trottoirs mouillés. Respirantes malgré leur imperméabilité, elles évitent l\'effet de botte chaude.\"}]', NULL, 0, 0, '2026-05-28 09:30:05'),
(99, 22, 4, 'user', 'Avez vous des chaussure de soirées à me proposer?', '[]', NULL, 0, 0, '2026-05-29 09:22:27'),
(100, 22, 4, 'assistant', 'Vous aimez les chaussures de soirée, n\'est-ce pas ? Pour un look élégant, je vous recommande le NightElegance Stiletto de la marque BelleMode. Il est disponible en taille 36 à 41 et en trois belles couleurs : Argent, Champagne et Rose gold. Son talon haut donne une touche de sophistication parfaite pour toute occasion de soirée !', '[{\"id\": 34, \"name\": \"NightElegance Stiletto\", \"emoji\": \"👟\", \"price\": 109, \"marque\": \"BelleMode\", \"tailles\": [\"36\", \"37\", \"38\", \"39\", \"40\", \"41\"], \"couleurs\": [\"Argent\", \"Champagne\", \"Rose gold\"], \"categorie\": \"Talons\", \"url_image\": \"images/image34.png\", \"description\": \"Les NightElegance Stiletto sont créées pour les moments d\'exception qui méritent une chaussure d\'exception. Le satin luxueux de la tige capte la lumière avec élégance, sublimé par une ornementation en cristaux sur la bride. Le talon de 10cm et le bout amande allongent visuellement la jambe pour une silhouette somptueuse. Disponibles dans des teintes métallisées précieuses, elles subliment les robes de soirée, les tenues de mariage ou de cocktail.\", \"caracteristiques\": \"\"}]', NULL, 0, 0, '2026-05-29 09:22:27'),
(101, 22, 4, 'user', 'Pouvez me faire une comparaison de cette chaussure proposée avec  une deuxième chaussure du même type?', '[]', NULL, 0, 0, '2026-05-29 09:37:04'),
(102, 22, 4, 'assistant', 'Je vous ai trouvé deux chaussures qui répondent à vos attentes en matière de soirée élégante. Vous pouvez comparer le NightElegance Stiletto et l\'Élégance Haute Nuit pour trouver laquelle vous convient mieux. Le NightElegance Stiletto est disponible en taille 36-41 dans les couleurs Argent, Champagne et Rose gold (109.00€). L\'Élégance Haute Nuit est disponible en taille 36-41 dans les couleurs Noir, Or et Rouge carmin (89', '[{\"id\": 32, \"name\": \"Élégance Haute Nuit\", \"emoji\": \"👟\", \"price\": 89.9, \"marque\": \"BelleMode\", \"tailles\": [\"36\", \"37\", \"38\", \"39\", \"40\", \"41\"], \"couleurs\": [\"Noir\", \"Or\", \"Rouge carmin\"], \"categorie\": \"Talons\", \"url_image\": \"images/image32.png\", \"description\": \"Les Élégance Haute Nuit sont la chaussure de soirée par excellence pour les occasions qui méritent d\'être à la hauteur. Le talon aiguille de 9cm et le bout pointu créent une silhouette élancée et sophistiquée. La bride de cheville fine et ajustable assure le maintien du pied tout au long de la nuit. La semelle antidérapante apportée en embout métal offre une sécurité accrue sur les parquets lisses. Disponibles en noir sobre, rouge passion ou or festif pour toutes les tenues.\", \"caracteristiques\": \"\"}, {\"id\": 34, \"name\": \"NightElegance Stiletto\", \"emoji\": \"👟\", \"price\": 109, \"marque\": \"BelleMode\", \"tailles\": [\"36\", \"37\", \"38\", \"39\", \"40\", \"41\"], \"couleurs\": [\"Argent\", \"Champagne\", \"Rose gold\"], \"categorie\": \"Talons\", \"url_image\": \"images/image34.png\", \"description\": \"Les NightElegance Stiletto sont créées pour les moments d\'exception qui méritent une chaussure d\'exception. Le satin luxueux de la tige capte la lumière avec élégance, sublimé par une ornementation en cristaux sur la bride. Le talon de 10cm et le bout amande allongent visuellement la jambe pour une silhouette somptueuse. Disponibles dans des teintes métallisées précieuses, elles subliment les robes de soirée, les tenues de mariage ou de cocktail.\", \"caracteristiques\": \"\"}]', NULL, 0, 0, '2026-05-29 09:37:04'),
(103, 22, 4, 'user', 'Peux tu me comparer ces deux paires', '[]', NULL, 0, 0, '2026-05-29 09:43:02'),
(104, 22, 4, 'assistant', 'Bien sûr, voici le comparatif Élégance Haute Nuit vs NightElegance Stiletto :', '[{\"id\": 32, \"name\": \"Élégance Haute Nuit\", \"emoji\": \"👟\", \"price\": 89.9, \"marque\": \"BelleMode\", \"resume\": \"Les Élégance Haute Nuit offrent un style élancé et sophistiqué avec un talon aiguille de 9cm.\", \"tailles\": [\"36\", \"37\", \"38\", \"39\", \"40\", \"41\"], \"couleurs\": [\"Noir\", \"Or\", \"Rouge carmin\"], \"categorie\": \"Talons\", \"url_image\": \"images/image32.png\", \"description\": \"Les Élégance Haute Nuit sont la chaussure de soirée par excellence pour les occasions qui méritent d\'être à la hauteur. Le talon aiguille de 9cm et le bout pointu créent une silhouette élancée et sophistiquée. La bride de cheville fine et ajustable assure le maintien du pied tout au long de la nuit. La semelle antidérapante apportée en embout métal offre une sécurité accrue sur les parquets lisses. Disponibles en noir sobre, rouge passion ou or festif pour toutes les tenues.\", \"caracteristiques\": \"\"}, {\"id\": 34, \"name\": \"NightElegance Stiletto\", \"emoji\": \"👟\", \"price\": 109, \"marque\": \"BelleMode\", \"resume\": \"Les NightElegance Stiletto sont conçues pour des moments d\'exception avec élégance et luxueuse ornementation.\", \"tailles\": [\"36\", \"37\", \"38\", \"39\", \"40\", \"41\"], \"couleurs\": [\"Argent\", \"Champagne\", \"Rose gold\"], \"categorie\": \"Talons\", \"url_image\": \"images/image34.png\", \"description\": \"Les NightElegance Stiletto sont créées pour les moments d\'exception qui méritent une chaussure d\'exception. Le satin luxueux de la tige capte la lumière avec élégance, sublimé par une ornementation en cristaux sur la bride. Le talon de 10cm et le bout amande allongent visuellement la jambe pour une silhouette somptueuse. Disponibles dans des teintes métallisées précieuses, elles subliment les robes de soirée, les tenues de mariage ou de cocktail.\", \"caracteristiques\": \"\"}]', 'comparison', 0, 0, '2026-05-29 09:43:02'),
(105, 23, 4, 'user', '[Recherche par image avec message : \"Avez des chaussures comme celle ci?\"] Produits suggérés : NeoUrban Street (109.90€), MaxBoost Gym (109.00€), SteelPro Light S1P (79.90€)', '[]', NULL, 0, 0, '2026-05-29 09:58:22'),
(106, 23, 4, 'assistant', 'Tu as une paire de chaussures urbaines qui te plaît, et tu cherches quelque chose de similaire ? Tu pourrais essayer les NeoUrban Street d\'UrbanStep, ils ont un style très proche avec des couleurs comme le Gris anthracite ou le Noir. Et si tu veux quelque chose un peu plus sportif, les MaxBoost Gym de FlyMotion sont aussi une bonne option, notamment en Gris ou en Rouge bordeaux. Sinon, les SteelPro Light S1P de WorkGuard sont également disponibles en Gris et en Noir.', '[{\"id\": 4, \"name\": \"NeoUrban Street\", \"emoji\": \"👟\", \"price\": 109.9, \"marque\": \"UrbanStep\", \"tailles\": [\"40\", \"41\", \"42\", \"43\", \"44\", \"45\", \"46\"], \"couleurs\": [\"Gris anthracite\", \"Kaki\", \"Noir\"], \"categorie\": \"Baskets lifestyle\", \"url_image\": \"images/image4.png\", \"description\": \"Les NeoUrban Street combinent esthétique technique et confort urbain dans un design masculin assumé. Les overlays en matière synthétique renforcent les zones d\'usure tout en apportant une structure au pied. La semelle bi-densité offre un amorti adapté aux longues marches sur bitume. La languette zippée sur le côté facilite l\'enfilage. Le traitement anti-odeur de la doublure assure une hygiène durable même lors d\'une utilisation intensive.\", \"caracteristiques\": \"\"}, {\"id\": 10, \"name\": \"MaxBoost Gym\", \"emoji\": \"👟\", \"price\": 109, \"marque\": \"FlyMotion\", \"tailles\": [\"38\", \"39\", \"40\", \"41\", \"42\", \"43\", \"44\", \"45\", \"46\"], \"couleurs\": [\"Gris\", \"Noir mat\", \"Rouge bordeaux\"], \"categorie\": \"Baskets sport\", \"url_image\": \"images/image10.png\", \"description\": \"Les MaxBoost Gym sont le choix des pratiquants de musculation sérieux. Leur semelle plate en caoutchouc avec un drop minimal favorise un meilleur transfert de force vers le sol lors des squats, soulevés de terre et presses. Le renfort talon rigide assure une stabilité maximale sous les charges lourdes. Légèrement plus rigides que des baskets classiques, elles offrent le maintien nécessaire pour progresser en toute sécurité.\", \"caracteristiques\": \"\"}, {\"id\": 36, \"name\": \"SteelPro Light S1P\", \"emoji\": \"👟\", \"price\": 79.9, \"marque\": \"WorkGuard\", \"tailles\": [\"38\", \"39\", \"40\", \"41\", \"42\", \"43\", \"44\", \"45\", \"46\"], \"couleurs\": [\"Gris\", \"Noir\"], \"categorie\": \"Sécurité\", \"url_image\": \"images/image36.png\", \"description\": \"Les SteelPro Light S1P prouvent que sécurité et confort ne sont pas incompatibles. Conformes à la norme S1P, elles intègrent un embout en composite léger (30% plus léger que l\'acier) sans sacrifier la protection contre les impacts de 200 joules. La semelle anti-perforation protège sans rigidifier. Légères et respirantes grâce à leur tige en mesh renforcé, elles réduisent considérablement la fatigue lors des longues journées en entrepôt ou en logistique. La doublure anti-bactérienne combat les odeurs.\", \"caracteristiques\": \"\"}]', NULL, 0, 0, '2026-05-29 09:58:22'),
(107, 23, 4, 'user', 'Le client a Nova Air Lifestyle dans son panier. En 2 phrases : félicite-le pour ce choix, puis demande-lui s\'il cherche autre chose ou si tu peux l\'aider. Ne cite AUCUN autre produit que tu n\'as pas dans le catalogue fourni. Tutoie-le. Ne commence pas par Bonjour.', '[]', NULL, 1, 1, '2026-05-29 10:27:53');
INSERT INTO `conversations` (`id`, `id_session`, `id_client`, `role`, `message`, `products`, `layout`, `silent`, `internal`, `created_at`) VALUES
(108, 23, 4, 'assistant', 'Wow, tu as choisi les superbes Nova Air Lifestyle ! C\'est un excellent choix pour une chaussure de sport polyvalente.\n\nTu cherches peut-être d\'autres modèles similaires ou veux-tu savoir si nous avons d\'autres produits qui t\'intéresseraient ?', '[{\"id\": 4, \"name\": \"NeoUrban Street\", \"emoji\": \"👟\", \"price\": 109.9, \"marque\": \"UrbanStep\", \"tailles\": [\"40\", \"41\", \"42\", \"43\", \"44\", \"45\", \"46\"], \"couleurs\": [\"Gris anthracite\", \"Kaki\", \"Noir\"], \"categorie\": \"Baskets lifestyle\", \"url_image\": \"images/image4.png\", \"description\": \"Les NeoUrban Street combinent esthétique technique et confort urbain dans un design masculin assumé. Les overlays en matière synthétique renforcent les zones d\'usure tout en apportant une structure au pied. La semelle bi-densité offre un amorti adapté aux longues marches sur bitume. La languette zippée sur le côté facilite l\'enfilage. Le traitement anti-odeur de la doublure assure une hygiène durable même lors d\'une utilisation intensive.\", \"caracteristiques\": \"\"}, {\"id\": 10, \"name\": \"MaxBoost Gym\", \"emoji\": \"👟\", \"price\": 109, \"marque\": \"FlyMotion\", \"tailles\": [\"38\", \"39\", \"40\", \"41\", \"42\", \"43\", \"44\", \"45\", \"46\"], \"couleurs\": [\"Gris\", \"Noir mat\", \"Rouge bordeaux\"], \"categorie\": \"Baskets sport\", \"url_image\": \"images/image10.png\", \"description\": \"Les MaxBoost Gym sont le choix des pratiquants de musculation sérieux. Leur semelle plate en caoutchouc avec un drop minimal favorise un meilleur transfert de force vers le sol lors des squats, soulevés de terre et presses. Le renfort talon rigide assure une stabilité maximale sous les charges lourdes. Légèrement plus rigides que des baskets classiques, elles offrent le maintien nécessaire pour progresser en toute sécurité.\", \"caracteristiques\": \"\"}, {\"id\": 36, \"name\": \"SteelPro Light S1P\", \"emoji\": \"👟\", \"price\": 79.9, \"marque\": \"WorkGuard\", \"tailles\": [\"38\", \"39\", \"40\", \"41\", \"42\", \"43\", \"44\", \"45\", \"46\"], \"couleurs\": [\"Gris\", \"Noir\"], \"categorie\": \"Sécurité\", \"url_image\": \"images/image36.png\", \"description\": \"Les SteelPro Light S1P prouvent que sécurité et confort ne sont pas incompatibles. Conformes à la norme S1P, elles intègrent un embout en composite léger (30% plus léger que l\'acier) sans sacrifier la protection contre les impacts de 200 joules. La semelle anti-perforation protège sans rigidifier. Légères et respirantes grâce à leur tige en mesh renforcé, elles réduisent considérablement la fatigue lors des longues journées en entrepôt ou en logistique. La doublure anti-bactérienne combat les odeurs.\", \"caracteristiques\": \"\"}]', NULL, 0, 1, '2026-05-29 10:27:53'),
(109, 23, 4, 'user', 'Le client a Nova Air Lifestyle dans son panier. En 2 phrases : félicite-le pour ce choix, puis demande-lui s\'il cherche autre chose ou si tu peux l\'aider. Ne cite AUCUN autre produit que tu n\'as pas dans le catalogue fourni. Tutoie-le. Ne commence pas par Bonjour.', '[]', NULL, 1, 1, '2026-05-29 12:02:18'),
(110, 23, 4, 'assistant', 'Tu as fait un excellent choix en optant pour les Nova Air Lifestyle, c\'est une excellente option pour passer la journée à l\'aise ! Qu\'est-ce que tu cherches maintenant ou peut-être que je peux t\'aider avec autre chose ?', '[{\"id\": 4, \"name\": \"NeoUrban Street\", \"emoji\": \"👟\", \"price\": 109.9, \"marque\": \"UrbanStep\", \"tailles\": [\"40\", \"41\", \"42\", \"43\", \"44\", \"45\", \"46\"], \"couleurs\": [\"Gris anthracite\", \"Kaki\", \"Noir\"], \"categorie\": \"Baskets lifestyle\", \"url_image\": \"images/image4.png\", \"description\": \"Les NeoUrban Street combinent esthétique technique et confort urbain dans un design masculin assumé. Les overlays en matière synthétique renforcent les zones d\'usure tout en apportant une structure au pied. La semelle bi-densité offre un amorti adapté aux longues marches sur bitume. La languette zippée sur le côté facilite l\'enfilage. Le traitement anti-odeur de la doublure assure une hygiène durable même lors d\'une utilisation intensive.\", \"caracteristiques\": \"\"}, {\"id\": 10, \"name\": \"MaxBoost Gym\", \"emoji\": \"👟\", \"price\": 109, \"marque\": \"FlyMotion\", \"tailles\": [\"38\", \"39\", \"40\", \"41\", \"42\", \"43\", \"44\", \"45\", \"46\"], \"couleurs\": [\"Gris\", \"Noir mat\", \"Rouge bordeaux\"], \"categorie\": \"Baskets sport\", \"url_image\": \"images/image10.png\", \"description\": \"Les MaxBoost Gym sont le choix des pratiquants de musculation sérieux. Leur semelle plate en caoutchouc avec un drop minimal favorise un meilleur transfert de force vers le sol lors des squats, soulevés de terre et presses. Le renfort talon rigide assure une stabilité maximale sous les charges lourdes. Légèrement plus rigides que des baskets classiques, elles offrent le maintien nécessaire pour progresser en toute sécurité.\", \"caracteristiques\": \"\"}, {\"id\": 36, \"name\": \"SteelPro Light S1P\", \"emoji\": \"👟\", \"price\": 79.9, \"marque\": \"WorkGuard\", \"tailles\": [\"38\", \"39\", \"40\", \"41\", \"42\", \"43\", \"44\", \"45\", \"46\"], \"couleurs\": [\"Gris\", \"Noir\"], \"categorie\": \"Sécurité\", \"url_image\": \"images/image36.png\", \"description\": \"Les SteelPro Light S1P prouvent que sécurité et confort ne sont pas incompatibles. Conformes à la norme S1P, elles intègrent un embout en composite léger (30% plus léger que l\'acier) sans sacrifier la protection contre les impacts de 200 joules. La semelle anti-perforation protège sans rigidifier. Légères et respirantes grâce à leur tige en mesh renforcé, elles réduisent considérablement la fatigue lors des longues journées en entrepôt ou en logistique. La doublure anti-bactérienne combat les odeurs.\", \"caracteristiques\": \"\"}]', NULL, 0, 1, '2026-05-29 12:02:18'),
(111, 23, 4, 'user', 'Le client a Nova Air Lifestyle dans son panier. En 2 phrases : rassure-le sur son excellent choix, puis propose ton aide s\'il a besoin d\'une autre paire. Ne cite AUCUN autre produit que tu n\'as pas dans le catalogue fourni. Tutoie-le. Ne commence pas par Bonjour.', '[]', NULL, 1, 1, '2026-05-29 12:06:41'),
(112, 23, 4, 'assistant', 'Tu as fait un super choix avec les Nova Air Lifestyle, c\'est une excellente option pour les occasions sportives ! Je suis là pour t\'aider si tu cherches une autre paire qui te convienne encore mieux ou si tu as d\'autres questions sur tes achats.', '[{\"id\": 4, \"name\": \"NeoUrban Street\", \"emoji\": \"👟\", \"price\": 109.9, \"marque\": \"UrbanStep\", \"tailles\": [\"40\", \"41\", \"42\", \"43\", \"44\", \"45\", \"46\"], \"couleurs\": [\"Gris anthracite\", \"Kaki\", \"Noir\"], \"categorie\": \"Baskets lifestyle\", \"url_image\": \"images/image4.png\", \"description\": \"Les NeoUrban Street combinent esthétique technique et confort urbain dans un design masculin assumé. Les overlays en matière synthétique renforcent les zones d\'usure tout en apportant une structure au pied. La semelle bi-densité offre un amorti adapté aux longues marches sur bitume. La languette zippée sur le côté facilite l\'enfilage. Le traitement anti-odeur de la doublure assure une hygiène durable même lors d\'une utilisation intensive.\", \"caracteristiques\": \"\"}, {\"id\": 10, \"name\": \"MaxBoost Gym\", \"emoji\": \"👟\", \"price\": 109, \"marque\": \"FlyMotion\", \"tailles\": [\"38\", \"39\", \"40\", \"41\", \"42\", \"43\", \"44\", \"45\", \"46\"], \"couleurs\": [\"Gris\", \"Noir mat\", \"Rouge bordeaux\"], \"categorie\": \"Baskets sport\", \"url_image\": \"images/image10.png\", \"description\": \"Les MaxBoost Gym sont le choix des pratiquants de musculation sérieux. Leur semelle plate en caoutchouc avec un drop minimal favorise un meilleur transfert de force vers le sol lors des squats, soulevés de terre et presses. Le renfort talon rigide assure une stabilité maximale sous les charges lourdes. Légèrement plus rigides que des baskets classiques, elles offrent le maintien nécessaire pour progresser en toute sécurité.\", \"caracteristiques\": \"\"}, {\"id\": 36, \"name\": \"SteelPro Light S1P\", \"emoji\": \"👟\", \"price\": 79.9, \"marque\": \"WorkGuard\", \"tailles\": [\"38\", \"39\", \"40\", \"41\", \"42\", \"43\", \"44\", \"45\", \"46\"], \"couleurs\": [\"Gris\", \"Noir\"], \"categorie\": \"Sécurité\", \"url_image\": \"images/image36.png\", \"description\": \"Les SteelPro Light S1P prouvent que sécurité et confort ne sont pas incompatibles. Conformes à la norme S1P, elles intègrent un embout en composite léger (30% plus léger que l\'acier) sans sacrifier la protection contre les impacts de 200 joules. La semelle anti-perforation protège sans rigidifier. Légères et respirantes grâce à leur tige en mesh renforcé, elles réduisent considérablement la fatigue lors des longues journées en entrepôt ou en logistique. La doublure anti-bactérienne combat les odeurs.\", \"caracteristiques\": \"\"}]', NULL, 0, 1, '2026-05-29 12:06:41');

-- --------------------------------------------------------

--
-- Structure de la table `favoris`
--

CREATE TABLE `favoris` (
  `id` int(11) NOT NULL,
  `id_client` int(11) NOT NULL,
  `id_shoes` int(11) NOT NULL,
  `created_at` timestamp NOT NULL DEFAULT CURRENT_TIMESTAMP
) ENGINE=InnoDB DEFAULT CHARSET=utf8;

--
-- Déchargement des données de la table `favoris`
--

INSERT INTO `favoris` (`id`, `id_client`, `id_shoes`, `created_at`) VALUES
(21, 3, 31, '2026-05-26 13:53:42'),
(29, 4, 34, '2026-05-28 10:56:09'),
(30, 4, 53, '2026-05-28 10:56:17'),
(32, 4, 1, '2026-05-28 10:56:33');

-- --------------------------------------------------------

--
-- Structure de la table `lignes_commande`
--

CREATE TABLE `lignes_commande` (
  `id_ligne` int(11) NOT NULL,
  `id_commande` int(11) NOT NULL,
  `id_shoes` int(11) NOT NULL,
  `id_variant` int(11) NOT NULL,
  `nom_article` varchar(255) NOT NULL,
  `taille` int(4) NOT NULL,
  `couleur` varchar(50) NOT NULL,
  `prix_unitaire` decimal(10,2) NOT NULL,
  `quantite` int(11) NOT NULL DEFAULT '1',
  `sous_total` decimal(10,2) NOT NULL
) ENGINE=InnoDB DEFAULT CHARSET=utf8mb4;

--
-- Déchargement des données de la table `lignes_commande`
--

INSERT INTO `lignes_commande` (`id_ligne`, `id_commande`, `id_shoes`, `id_variant`, `nom_article`, `taille`, `couleur`, `prix_unitaire`, `quantite`, `sous_total`) VALUES
(1, 1, 1, 1, 'Nova Air Lifestyle', 38, 'Blanc', '89.99', 1, '89.99');

-- --------------------------------------------------------

--
-- Structure de la table `panier`
--

CREATE TABLE `panier` (
  `id_panier` int(11) NOT NULL,
  `id_client` int(11) NOT NULL,
  `quantite` int(11) DEFAULT '1',
  `date_ajout` timestamp NOT NULL DEFAULT CURRENT_TIMESTAMP,
  `statut` varchar(20) DEFAULT 'en_cours',
  `id_variant` int(11) DEFAULT NULL
) ENGINE=InnoDB DEFAULT CHARSET=utf8;

--
-- Déchargement des données de la table `panier`
--

INSERT INTO `panier` (`id_panier`, `id_client`, `quantite`, `date_ajout`, `statut`, `id_variant`) VALUES
(12, 3, 1, '2026-05-21 12:05:21', 'en_cours', 730),
(15, 3, 1, '2026-05-26 13:53:46', 'en_cours', 730),
(17, 3, 1, '2026-05-26 14:37:59', 'en_cours', 70);

-- --------------------------------------------------------

--
-- Structure de la table `size_color`
--

CREATE TABLE `size_color` (
  `id_variant` int(4) NOT NULL,
  `id_shoes` int(2) DEFAULT NULL,
  `taille` int(2) DEFAULT NULL,
  `couleur` varchar(22) DEFAULT NULL,
  `stock` int(3) DEFAULT NULL
) ENGINE=InnoDB DEFAULT CHARSET=utf8;

--
-- Déchargement des données de la table `size_color`
--

INSERT INTO `size_color` (`id_variant`, `id_shoes`, `taille`, `couleur`, `stock`) VALUES
(1, 1, 38, 'Blanc', 21),
(2, 1, 38, 'Beige', 75),
(3, 1, 38, 'Gris', 90),
(4, 1, 39, 'Blanc', 89),
(5, 1, 39, 'Beige', 50),
(6, 1, 39, 'Gris', 74),
(7, 1, 40, 'Blanc', 60),
(8, 1, 40, 'Beige', 83),
(9, 1, 40, 'Gris', 96),
(10, 1, 41, 'Blanc', 54),
(11, 1, 41, 'Beige', 79),
(12, 1, 41, 'Gris', 30),
(13, 1, 42, 'Blanc', 41),
(14, 1, 42, 'Beige', 47),
(15, 1, 42, 'Gris', 21),
(16, 1, 43, 'Blanc', 97),
(17, 1, 43, 'Beige', 98),
(18, 1, 43, 'Gris', 53),
(19, 1, 44, 'Blanc', 23),
(20, 1, 44, 'Beige', 43),
(21, 1, 44, 'Gris', 85),
(22, 2, 38, 'Blanc', 61),
(23, 2, 38, 'Rouge', 22),
(24, 2, 38, 'Bleu marine', 52),
(25, 2, 39, 'Blanc', 79),
(26, 2, 39, 'Rouge', 49),
(27, 2, 39, 'Bleu marine', 45),
(28, 2, 40, 'Blanc', 48),
(29, 2, 40, 'Rouge', 41),
(30, 2, 40, 'Bleu marine', 99),
(31, 2, 41, 'Blanc', 57),
(32, 2, 41, 'Rouge', 80),
(33, 2, 41, 'Bleu marine', 63),
(34, 2, 42, 'Blanc', 80),
(35, 2, 42, 'Rouge', 72),
(36, 2, 42, 'Bleu marine', 66),
(37, 2, 43, 'Blanc', 58),
(38, 2, 43, 'Rouge', 42),
(39, 2, 43, 'Bleu marine', 42),
(40, 2, 44, 'Blanc', 39),
(41, 2, 44, 'Rouge', 75),
(42, 2, 44, 'Bleu marine', 71),
(43, 2, 45, 'Blanc', 25),
(44, 2, 45, 'Rouge', 60),
(45, 2, 45, 'Bleu marine', 22),
(46, 3, 36, 'Rose', 53),
(47, 3, 36, 'Lilas', 75),
(48, 3, 36, 'Blanc', 90),
(49, 3, 37, 'Rose', 90),
(50, 3, 37, 'Lilas', 100),
(51, 3, 37, 'Blanc', 33),
(52, 3, 38, 'Rose', 57),
(53, 3, 38, 'Lilas', 84),
(54, 3, 38, 'Blanc', 45),
(55, 3, 39, 'Rose', 42),
(56, 3, 39, 'Lilas', 32),
(57, 3, 39, 'Blanc', 31),
(58, 3, 40, 'Rose', 82),
(59, 3, 40, 'Lilas', 64),
(60, 3, 40, 'Blanc', 97),
(61, 3, 41, 'Rose', 20),
(62, 3, 41, 'Lilas', 90),
(63, 3, 41, 'Blanc', 68),
(64, 4, 40, 'Noir', 98),
(65, 4, 40, 'Gris anthracite', 87),
(66, 4, 40, 'Kaki', 93),
(67, 4, 41, 'Noir', 60),
(68, 4, 41, 'Gris anthracite', 28),
(69, 4, 41, 'Kaki', 44),
(70, 4, 42, 'Noir', 73),
(71, 4, 42, 'Gris anthracite', 38),
(72, 4, 42, 'Kaki', 59),
(73, 4, 43, 'Noir', 92),
(74, 4, 43, 'Gris anthracite', 52),
(75, 4, 43, 'Kaki', 86),
(76, 4, 44, 'Noir', 20),
(77, 4, 44, 'Gris anthracite', 47),
(78, 4, 44, 'Kaki', 98),
(79, 4, 45, 'Noir', 32),
(80, 4, 45, 'Gris anthracite', 65),
(81, 4, 45, 'Kaki', 95),
(82, 4, 46, 'Noir', 37),
(83, 4, 46, 'Gris anthracite', 40),
(84, 4, 46, 'Kaki', 38),
(85, 5, 36, 'Menthe', 21),
(86, 5, 36, 'Lavande', 90),
(87, 5, 36, 'Pêche', 80),
(88, 5, 37, 'Menthe', 96),
(89, 5, 37, 'Lavande', 96),
(90, 5, 37, 'Pêche', 28),
(91, 5, 38, 'Menthe', 33),
(92, 5, 38, 'Lavande', 34),
(93, 5, 38, 'Pêche', 81),
(94, 5, 39, 'Menthe', 94),
(95, 5, 39, 'Lavande', 65),
(96, 5, 39, 'Pêche', 38),
(97, 5, 40, 'Menthe', 78),
(98, 5, 40, 'Lavande', 21),
(99, 5, 40, 'Pêche', 90),
(100, 5, 41, 'Menthe', 60),
(101, 5, 41, 'Lavande', 26),
(102, 5, 41, 'Pêche', 68),
(103, 5, 42, 'Menthe', 20),
(104, 5, 42, 'Lavande', 72),
(105, 5, 42, 'Pêche', 82),
(106, 6, 38, 'Noir', 36),
(107, 6, 38, 'Blanc', 80),
(108, 6, 38, 'Colorblock rouge-blanc', 25),
(109, 6, 39, 'Noir', 31),
(110, 6, 39, 'Blanc', 60),
(111, 6, 39, 'Colorblock rouge-blanc', 46),
(112, 6, 40, 'Noir', 71),
(113, 6, 40, 'Blanc', 20),
(114, 6, 40, 'Colorblock rouge-blanc', 59),
(115, 6, 41, 'Noir', 90),
(116, 6, 41, 'Blanc', 67),
(117, 6, 41, 'Colorblock rouge-blanc', 71),
(118, 6, 42, 'Noir', 71),
(119, 6, 42, 'Blanc', 96),
(120, 6, 42, 'Colorblock rouge-blanc', 65),
(121, 6, 43, 'Noir', 53),
(122, 6, 43, 'Blanc', 90),
(123, 6, 43, 'Colorblock rouge-blanc', 66),
(124, 6, 44, 'Noir', 91),
(125, 6, 44, 'Blanc', 94),
(126, 6, 44, 'Colorblock rouge-blanc', 74),
(127, 6, 45, 'Noir', 49),
(128, 6, 45, 'Blanc', 68),
(129, 6, 45, 'Colorblock rouge-blanc', 78),
(130, 7, 38, 'Noir', 88),
(131, 7, 38, 'Rouge', 71),
(132, 7, 38, 'Bleu électrique', 40),
(133, 7, 39, 'Noir', 66),
(134, 7, 39, 'Rouge', 95),
(135, 7, 39, 'Bleu électrique', 95),
(136, 7, 40, 'Noir', 85),
(137, 7, 40, 'Rouge', 20),
(138, 7, 40, 'Bleu électrique', 100),
(139, 7, 41, 'Noir', 70),
(140, 7, 41, 'Rouge', 44),
(141, 7, 41, 'Bleu électrique', 32),
(142, 7, 42, 'Noir', 97),
(143, 7, 42, 'Rouge', 62),
(144, 7, 42, 'Bleu électrique', 90),
(145, 7, 43, 'Noir', 30),
(146, 7, 43, 'Rouge', 23),
(147, 7, 43, 'Bleu électrique', 59),
(148, 7, 44, 'Noir', 28),
(149, 7, 44, 'Rouge', 87),
(150, 7, 44, 'Bleu électrique', 28),
(151, 7, 45, 'Noir', 71),
(152, 7, 45, 'Rouge', 70),
(153, 7, 45, 'Bleu électrique', 32),
(154, 7, 46, 'Noir', 99),
(155, 7, 46, 'Rouge', 77),
(156, 7, 46, 'Bleu électrique', 87),
(157, 8, 38, 'Gris', 86),
(158, 8, 38, 'Vert fluo', 22),
(159, 8, 38, 'Orange', 76),
(160, 8, 39, 'Gris', 71),
(161, 8, 39, 'Vert fluo', 70),
(162, 8, 39, 'Orange', 85),
(163, 8, 40, 'Gris', 30),
(164, 8, 40, 'Vert fluo', 71),
(165, 8, 40, 'Orange', 60),
(166, 8, 41, 'Gris', 69),
(167, 8, 41, 'Vert fluo', 65),
(168, 8, 41, 'Orange', 100),
(169, 8, 42, 'Gris', 30),
(170, 8, 42, 'Vert fluo', 50),
(171, 8, 42, 'Orange', 46),
(172, 8, 43, 'Gris', 72),
(173, 8, 43, 'Vert fluo', 94),
(174, 8, 43, 'Orange', 24),
(175, 8, 44, 'Gris', 26),
(176, 8, 44, 'Vert fluo', 33),
(177, 8, 44, 'Orange', 51),
(178, 8, 45, 'Gris', 91),
(179, 8, 45, 'Vert fluo', 79),
(180, 8, 45, 'Orange', 76),
(181, 9, 40, 'Blanc', 57),
(182, 9, 40, 'Bleu', 22),
(183, 9, 40, 'Vert', 67),
(184, 9, 41, 'Blanc', 82),
(185, 9, 41, 'Bleu', 91),
(186, 9, 41, 'Vert', 29),
(187, 9, 42, 'Blanc', 63),
(188, 9, 42, 'Bleu', 68),
(189, 9, 42, 'Vert', 38),
(190, 9, 43, 'Blanc', 78),
(191, 9, 43, 'Bleu', 50),
(192, 9, 43, 'Vert', 37),
(193, 9, 44, 'Blanc', 42),
(194, 9, 44, 'Bleu', 100),
(195, 9, 44, 'Vert', 48),
(196, 9, 45, 'Blanc', 26),
(197, 9, 45, 'Bleu', 54),
(198, 9, 45, 'Vert', 24),
(199, 9, 46, 'Blanc', 100),
(200, 9, 46, 'Bleu', 22),
(201, 9, 46, 'Vert', 34),
(202, 10, 38, 'Noir mat', 91),
(203, 10, 38, 'Gris', 91),
(204, 10, 38, 'Rouge bordeaux', 87),
(205, 10, 39, 'Noir mat', 81),
(206, 10, 39, 'Gris', 52),
(207, 10, 39, 'Rouge bordeaux', 47),
(208, 10, 40, 'Noir mat', 80),
(209, 10, 40, 'Gris', 20),
(210, 10, 40, 'Rouge bordeaux', 61),
(211, 10, 41, 'Noir mat', 60),
(212, 10, 41, 'Gris', 32),
(213, 10, 41, 'Rouge bordeaux', 61),
(214, 10, 42, 'Noir mat', 62),
(215, 10, 42, 'Gris', 69),
(216, 10, 42, 'Rouge bordeaux', 92),
(217, 10, 43, 'Noir mat', 60),
(218, 10, 43, 'Gris', 24),
(219, 10, 43, 'Rouge bordeaux', 40),
(220, 10, 44, 'Noir mat', 49),
(221, 10, 44, 'Gris', 94),
(222, 10, 44, 'Rouge bordeaux', 22),
(223, 10, 45, 'Noir mat', 92),
(224, 10, 45, 'Gris', 36),
(225, 10, 45, 'Rouge bordeaux', 53),
(226, 10, 46, 'Noir mat', 72),
(227, 10, 46, 'Gris', 79),
(228, 10, 46, 'Rouge bordeaux', 61),
(229, 11, 38, 'Blanc', 98),
(230, 11, 38, 'Jaune fluo', 23),
(231, 11, 38, 'Noir', 21),
(232, 11, 39, 'Blanc', 35),
(233, 11, 39, 'Jaune fluo', 70),
(234, 11, 39, 'Noir', 75),
(235, 11, 40, 'Blanc', 25),
(236, 11, 40, 'Jaune fluo', 83),
(237, 11, 40, 'Noir', 96),
(238, 11, 41, 'Blanc', 33),
(239, 11, 41, 'Jaune fluo', 44),
(240, 11, 41, 'Noir', 23),
(241, 11, 42, 'Blanc', 23),
(242, 11, 42, 'Jaune fluo', 67),
(243, 11, 42, 'Noir', 71),
(244, 11, 43, 'Blanc', 85),
(245, 11, 43, 'Jaune fluo', 100),
(246, 11, 43, 'Noir', 68),
(247, 11, 44, 'Blanc', 60),
(248, 11, 44, 'Jaune fluo', 98),
(249, 11, 44, 'Noir', 22),
(250, 11, 45, 'Blanc', 24),
(251, 11, 45, 'Jaune fluo', 29),
(252, 11, 45, 'Noir', 96),
(253, 12, 38, 'Bleu', 74),
(254, 12, 38, 'Gris', 100),
(255, 12, 38, 'Vert menthe', 64),
(256, 12, 39, 'Bleu', 91),
(257, 12, 39, 'Gris', 85),
(258, 12, 39, 'Vert menthe', 31),
(259, 12, 40, 'Bleu', 88),
(260, 12, 40, 'Gris', 78),
(261, 12, 40, 'Vert menthe', 40),
(262, 12, 41, 'Bleu', 46),
(263, 12, 41, 'Gris', 59),
(264, 12, 41, 'Vert menthe', 98),
(265, 12, 42, 'Bleu', 30),
(266, 12, 42, 'Gris', 57),
(267, 12, 42, 'Vert menthe', 65),
(268, 12, 43, 'Bleu', 78),
(269, 12, 43, 'Gris', 65),
(270, 12, 43, 'Vert menthe', 66),
(271, 12, 44, 'Bleu', 53),
(272, 12, 44, 'Gris', 84),
(273, 12, 44, 'Vert menthe', 39),
(274, 12, 45, 'Bleu', 51),
(275, 12, 45, 'Gris', 56),
(276, 12, 45, 'Vert menthe', 67),
(277, 12, 46, 'Bleu', 73),
(278, 12, 46, 'Gris', 42),
(279, 12, 46, 'Vert menthe', 44),
(280, 13, 38, 'Noir', 56),
(281, 13, 38, 'Rouge vif', 47),
(282, 13, 38, 'Or', 67),
(283, 13, 39, 'Noir', 45),
(284, 13, 39, 'Rouge vif', 36),
(285, 13, 39, 'Or', 73),
(286, 13, 40, 'Noir', 95),
(287, 13, 40, 'Rouge vif', 25),
(288, 13, 40, 'Or', 61),
(289, 13, 41, 'Noir', 43),
(290, 13, 41, 'Rouge vif', 49),
(291, 13, 41, 'Or', 28),
(292, 13, 42, 'Noir', 93),
(293, 13, 42, 'Rouge vif', 70),
(294, 13, 42, 'Or', 89),
(295, 13, 43, 'Noir', 74),
(296, 13, 43, 'Rouge vif', 21),
(297, 13, 43, 'Or', 66),
(298, 13, 44, 'Noir', 95),
(299, 13, 44, 'Rouge vif', 49),
(300, 13, 44, 'Or', 55),
(301, 13, 45, 'Noir', 94),
(302, 13, 45, 'Rouge vif', 56),
(303, 13, 45, 'Or', 99),
(304, 14, 38, 'Kaki', 92),
(305, 14, 38, 'Orange', 57),
(306, 14, 38, 'Bleu pétrole', 83),
(307, 14, 39, 'Kaki', 61),
(308, 14, 39, 'Orange', 95),
(309, 14, 39, 'Bleu pétrole', 30),
(310, 14, 40, 'Kaki', 82),
(311, 14, 40, 'Orange', 24),
(312, 14, 40, 'Bleu pétrole', 22),
(313, 14, 41, 'Kaki', 39),
(314, 14, 41, 'Orange', 67),
(315, 14, 41, 'Bleu pétrole', 70),
(316, 14, 42, 'Kaki', 65),
(317, 14, 42, 'Orange', 37),
(318, 14, 42, 'Bleu pétrole', 75),
(319, 14, 43, 'Kaki', 71),
(320, 14, 43, 'Orange', 24),
(321, 14, 43, 'Bleu pétrole', 52),
(322, 14, 44, 'Kaki', 51),
(323, 14, 44, 'Orange', 25),
(324, 14, 44, 'Bleu pétrole', 68),
(325, 14, 45, 'Kaki', 69),
(326, 14, 45, 'Orange', 46),
(327, 14, 45, 'Bleu pétrole', 70),
(328, 14, 46, 'Kaki', 56),
(329, 14, 46, 'Orange', 52),
(330, 14, 46, 'Bleu pétrole', 89),
(331, 15, 37, 'Gris', 79),
(332, 15, 37, 'Bleu ciel', 62),
(333, 15, 37, 'Corail', 87),
(334, 15, 38, 'Gris', 68),
(335, 15, 38, 'Bleu ciel', 49),
(336, 15, 38, 'Corail', 70),
(337, 15, 39, 'Gris', 44),
(338, 15, 39, 'Bleu ciel', 26),
(339, 15, 39, 'Corail', 41),
(340, 15, 40, 'Gris', 93),
(341, 15, 40, 'Bleu ciel', 77),
(342, 15, 40, 'Corail', 98),
(343, 15, 41, 'Gris', 28),
(344, 15, 41, 'Bleu ciel', 20),
(345, 15, 41, 'Corail', 63),
(346, 15, 42, 'Gris', 83),
(347, 15, 42, 'Bleu ciel', 78),
(348, 15, 42, 'Corail', 56),
(349, 15, 43, 'Gris', 29),
(350, 15, 43, 'Bleu ciel', 28),
(351, 15, 43, 'Corail', 38),
(352, 15, 44, 'Gris', 52),
(353, 15, 44, 'Bleu ciel', 97),
(354, 15, 44, 'Corail', 95),
(355, 15, 45, 'Gris', 97),
(356, 15, 45, 'Bleu ciel', 71),
(357, 15, 45, 'Corail', 32),
(358, 16, 38, 'Blanc', 79),
(359, 16, 38, 'Bleu nuit', 79),
(360, 16, 38, 'Rose fluo', 76),
(361, 16, 39, 'Blanc', 44),
(362, 16, 39, 'Bleu nuit', 37),
(363, 16, 39, 'Rose fluo', 67),
(364, 16, 40, 'Blanc', 89),
(365, 16, 40, 'Bleu nuit', 20),
(366, 16, 40, 'Rose fluo', 77),
(367, 16, 41, 'Blanc', 49),
(368, 16, 41, 'Bleu nuit', 50),
(369, 16, 41, 'Rose fluo', 20),
(370, 16, 42, 'Blanc', 41),
(371, 16, 42, 'Bleu nuit', 52),
(372, 16, 42, 'Rose fluo', 96),
(373, 16, 43, 'Blanc', 65),
(374, 16, 43, 'Bleu nuit', 49),
(375, 16, 43, 'Rose fluo', 100),
(376, 16, 44, 'Blanc', 100),
(377, 16, 44, 'Bleu nuit', 84),
(378, 16, 44, 'Rose fluo', 45),
(379, 16, 45, 'Blanc', 61),
(380, 16, 45, 'Bleu nuit', 93),
(381, 16, 45, 'Rose fluo', 74),
(382, 16, 46, 'Blanc', 75),
(383, 16, 46, 'Bleu nuit', 23),
(384, 16, 46, 'Rose fluo', 95),
(385, 17, 38, 'Jaune fluo', 33),
(386, 17, 38, 'Noir', 67),
(387, 17, 38, 'Blanc', 39),
(388, 17, 39, 'Jaune fluo', 83),
(389, 17, 39, 'Noir', 77),
(390, 17, 39, 'Blanc', 55),
(391, 17, 40, 'Jaune fluo', 100),
(392, 17, 40, 'Noir', 71),
(393, 17, 40, 'Blanc', 51),
(394, 17, 41, 'Jaune fluo', 88),
(395, 17, 41, 'Noir', 81),
(396, 17, 41, 'Blanc', 82),
(397, 17, 42, 'Jaune fluo', 47),
(398, 17, 42, 'Noir', 39),
(399, 17, 42, 'Blanc', 36),
(400, 17, 43, 'Jaune fluo', 33),
(401, 17, 43, 'Noir', 23),
(402, 17, 43, 'Blanc', 31),
(403, 17, 44, 'Jaune fluo', 47),
(404, 17, 44, 'Noir', 86),
(405, 17, 44, 'Blanc', 24),
(406, 17, 45, 'Jaune fluo', 21),
(407, 17, 45, 'Noir', 87),
(408, 17, 45, 'Blanc', 97),
(409, 18, 38, 'Kaki', 32),
(410, 18, 38, 'Gris ardoise', 51),
(411, 18, 38, 'Bordeaux', 82),
(412, 18, 39, 'Kaki', 99),
(413, 18, 39, 'Gris ardoise', 58),
(414, 18, 39, 'Bordeaux', 85),
(415, 18, 40, 'Kaki', 91),
(416, 18, 40, 'Gris ardoise', 80),
(417, 18, 40, 'Bordeaux', 27),
(418, 18, 41, 'Kaki', 96),
(419, 18, 41, 'Gris ardoise', 39),
(420, 18, 41, 'Bordeaux', 92),
(421, 18, 42, 'Kaki', 39),
(422, 18, 42, 'Gris ardoise', 71),
(423, 18, 42, 'Bordeaux', 85),
(424, 18, 43, 'Kaki', 21),
(425, 18, 43, 'Gris ardoise', 86),
(426, 18, 43, 'Bordeaux', 61),
(427, 18, 44, 'Kaki', 55),
(428, 18, 44, 'Gris ardoise', 87),
(429, 18, 44, 'Bordeaux', 23),
(430, 18, 45, 'Kaki', 22),
(431, 18, 45, 'Gris ardoise', 49),
(432, 18, 45, 'Bordeaux', 98),
(433, 18, 46, 'Kaki', 20),
(434, 18, 46, 'Gris ardoise', 61),
(435, 18, 46, 'Bordeaux', 61),
(436, 19, 37, 'Beige', 44),
(437, 19, 37, 'Vert olive', 88),
(438, 19, 37, 'Bleu gris', 46),
(439, 19, 38, 'Beige', 76),
(440, 19, 38, 'Vert olive', 71),
(441, 19, 38, 'Bleu gris', 25),
(442, 19, 39, 'Beige', 59),
(443, 19, 39, 'Vert olive', 77),
(444, 19, 39, 'Bleu gris', 86),
(445, 19, 40, 'Beige', 81),
(446, 19, 40, 'Vert olive', 42),
(447, 19, 40, 'Bleu gris', 38),
(448, 19, 41, 'Beige', 52),
(449, 19, 41, 'Vert olive', 98),
(450, 19, 41, 'Bleu gris', 34),
(451, 19, 42, 'Beige', 42),
(452, 19, 42, 'Vert olive', 72),
(453, 19, 42, 'Bleu gris', 49),
(454, 19, 43, 'Beige', 81),
(455, 19, 43, 'Vert olive', 44),
(456, 19, 43, 'Bleu gris', 80),
(457, 19, 44, 'Beige', 90),
(458, 19, 44, 'Vert olive', 94),
(459, 19, 44, 'Bleu gris', 100),
(460, 19, 45, 'Beige', 43),
(461, 19, 45, 'Vert olive', 74),
(462, 19, 45, 'Bleu gris', 60),
(463, 20, 39, 'Noir', 51),
(464, 20, 39, 'Gris foncé', 61),
(465, 20, 39, 'Orange sécurité', 66),
(466, 20, 40, 'Noir', 62),
(467, 20, 40, 'Gris foncé', 80),
(468, 20, 40, 'Orange sécurité', 92),
(469, 20, 41, 'Noir', 97),
(470, 20, 41, 'Gris foncé', 75),
(471, 20, 41, 'Orange sécurité', 43),
(472, 20, 42, 'Noir', 57),
(473, 20, 42, 'Gris foncé', 72),
(474, 20, 42, 'Orange sécurité', 32),
(475, 20, 43, 'Noir', 22),
(476, 20, 43, 'Gris foncé', 49),
(477, 20, 43, 'Orange sécurité', 22),
(478, 20, 44, 'Noir', 36),
(479, 20, 44, 'Gris foncé', 39),
(480, 20, 44, 'Orange sécurité', 56),
(481, 20, 45, 'Noir', 35),
(482, 20, 45, 'Gris foncé', 36),
(483, 20, 45, 'Orange sécurité', 86),
(484, 20, 46, 'Noir', 94),
(485, 20, 46, 'Gris foncé', 92),
(486, 20, 46, 'Orange sécurité', 54),
(487, 21, 37, 'Vert forêt', 85),
(488, 21, 37, 'Marron', 57),
(489, 21, 37, 'Gris', 21),
(490, 21, 38, 'Vert forêt', 96),
(491, 21, 38, 'Marron', 50),
(492, 21, 38, 'Gris', 31),
(493, 21, 39, 'Vert forêt', 95),
(494, 21, 39, 'Marron', 43),
(495, 21, 39, 'Gris', 100),
(496, 21, 40, 'Vert forêt', 40),
(497, 21, 40, 'Marron', 56),
(498, 21, 40, 'Gris', 22),
(499, 21, 41, 'Vert forêt', 31),
(500, 21, 41, 'Marron', 30),
(501, 21, 41, 'Gris', 48),
(502, 21, 42, 'Vert forêt', 31),
(503, 21, 42, 'Marron', 62),
(504, 21, 42, 'Gris', 56),
(505, 21, 43, 'Vert forêt', 99),
(506, 21, 43, 'Marron', 60),
(507, 21, 43, 'Gris', 45),
(508, 21, 44, 'Vert forêt', 59),
(509, 21, 44, 'Marron', 88),
(510, 21, 44, 'Gris', 73),
(511, 21, 45, 'Vert forêt', 25),
(512, 21, 45, 'Marron', 22),
(513, 21, 45, 'Gris', 23),
(514, 22, 36, 'Beige naturel', 36),
(515, 22, 36, 'Marron', 45),
(516, 22, 36, 'Noir', 66),
(517, 22, 37, 'Beige naturel', 82),
(518, 22, 37, 'Marron', 89),
(519, 22, 37, 'Noir', 37),
(520, 22, 38, 'Beige naturel', 46),
(521, 22, 38, 'Marron', 43),
(522, 22, 38, 'Noir', 94),
(523, 22, 39, 'Beige naturel', 25),
(524, 22, 39, 'Marron', 71),
(525, 22, 39, 'Noir', 60),
(526, 22, 40, 'Beige naturel', 35),
(527, 22, 40, 'Marron', 69),
(528, 22, 40, 'Noir', 76),
(529, 22, 41, 'Beige naturel', 74),
(530, 22, 41, 'Marron', 92),
(531, 22, 41, 'Noir', 23),
(532, 22, 42, 'Beige naturel', 54),
(533, 22, 42, 'Marron', 81),
(534, 22, 42, 'Noir', 56),
(535, 23, 36, 'Bleu océan', 76),
(536, 23, 36, 'Corail', 83),
(537, 23, 36, 'Vert aqua', 63),
(538, 23, 37, 'Bleu océan', 28),
(539, 23, 37, 'Corail', 54),
(540, 23, 37, 'Vert aqua', 22),
(541, 23, 38, 'Bleu océan', 91),
(542, 23, 38, 'Corail', 78),
(543, 23, 38, 'Vert aqua', 32),
(544, 23, 39, 'Bleu océan', 21),
(545, 23, 39, 'Corail', 73),
(546, 23, 39, 'Vert aqua', 48),
(547, 23, 40, 'Bleu océan', 24),
(548, 23, 40, 'Corail', 81),
(549, 23, 40, 'Vert aqua', 57),
(550, 23, 41, 'Bleu océan', 69),
(551, 23, 41, 'Corail', 63),
(552, 23, 41, 'Vert aqua', 95),
(553, 23, 42, 'Bleu océan', 72),
(554, 23, 42, 'Corail', 49),
(555, 23, 42, 'Vert aqua', 80),
(556, 23, 43, 'Bleu océan', 21),
(557, 23, 43, 'Corail', 48),
(558, 23, 43, 'Vert aqua', 41),
(559, 23, 44, 'Bleu océan', 24),
(560, 23, 44, 'Corail', 58),
(561, 23, 44, 'Vert aqua', 90),
(562, 24, 36, 'Rose', 44),
(563, 24, 36, 'Beige', 80),
(564, 24, 36, 'Blanc', 47),
(565, 24, 37, 'Rose', 32),
(566, 24, 37, 'Beige', 29),
(567, 24, 37, 'Blanc', 23),
(568, 24, 38, 'Rose', 74),
(569, 24, 38, 'Beige', 33),
(570, 24, 38, 'Blanc', 78),
(571, 24, 39, 'Rose', 36),
(572, 24, 39, 'Beige', 28),
(573, 24, 39, 'Blanc', 82),
(574, 24, 40, 'Rose', 62),
(575, 24, 40, 'Beige', 73),
(576, 24, 40, 'Blanc', 60),
(577, 24, 41, 'Rose', 84),
(578, 24, 41, 'Beige', 42),
(579, 24, 41, 'Blanc', 29),
(580, 25, 40, 'Marron', 20),
(581, 25, 40, 'Noir', 78),
(582, 25, 40, 'Kaki', 55),
(583, 25, 41, 'Marron', 69),
(584, 25, 41, 'Noir', 45),
(585, 25, 41, 'Kaki', 48),
(586, 25, 42, 'Marron', 79),
(587, 25, 42, 'Noir', 38),
(588, 25, 42, 'Kaki', 30),
(589, 25, 43, 'Marron', 100),
(590, 25, 43, 'Noir', 73),
(591, 25, 43, 'Kaki', 49),
(592, 25, 44, 'Marron', 86),
(593, 25, 44, 'Noir', 28),
(594, 25, 44, 'Kaki', 96),
(595, 25, 45, 'Marron', 59),
(596, 25, 45, 'Noir', 65),
(597, 25, 45, 'Kaki', 47),
(598, 25, 46, 'Marron', 30),
(599, 25, 46, 'Noir', 62),
(600, 25, 46, 'Kaki', 46),
(601, 26, 37, 'Noir', 81),
(602, 26, 37, 'Camel', 66),
(603, 26, 37, 'Gris', 58),
(604, 26, 38, 'Noir', 78),
(605, 26, 38, 'Camel', 100),
(606, 26, 38, 'Gris', 32),
(607, 26, 39, 'Noir', 38),
(608, 26, 39, 'Camel', 48),
(609, 26, 39, 'Gris', 35),
(610, 26, 40, 'Noir', 88),
(611, 26, 40, 'Camel', 60),
(612, 26, 40, 'Gris', 81),
(613, 26, 41, 'Noir', 27),
(614, 26, 41, 'Camel', 98),
(615, 26, 41, 'Gris', 100),
(616, 26, 42, 'Noir', 78),
(617, 26, 42, 'Camel', 50),
(618, 26, 42, 'Gris', 36),
(619, 26, 43, 'Noir', 60),
(620, 26, 43, 'Camel', 81),
(621, 26, 43, 'Gris', 63),
(622, 26, 44, 'Noir', 63),
(623, 26, 44, 'Camel', 89),
(624, 26, 44, 'Gris', 49),
(625, 26, 45, 'Noir', 75),
(626, 26, 45, 'Camel', 23),
(627, 26, 45, 'Gris', 22),
(628, 27, 36, 'Noir', 40),
(629, 27, 36, 'Cognac', 36),
(630, 27, 36, 'Bordeaux', 80),
(631, 27, 37, 'Noir', 62),
(632, 27, 37, 'Cognac', 21),
(633, 27, 37, 'Bordeaux', 62),
(634, 27, 38, 'Noir', 59),
(635, 27, 38, 'Cognac', 68),
(636, 27, 38, 'Bordeaux', 61),
(637, 27, 39, 'Noir', 38),
(638, 27, 39, 'Cognac', 71),
(639, 27, 39, 'Bordeaux', 79),
(640, 27, 40, 'Noir', 84),
(641, 27, 40, 'Cognac', 59),
(642, 27, 40, 'Bordeaux', 23),
(643, 27, 41, 'Noir', 40),
(644, 27, 41, 'Cognac', 92),
(645, 27, 41, 'Bordeaux', 80),
(646, 27, 42, 'Noir', 80),
(647, 27, 42, 'Cognac', 46),
(648, 27, 42, 'Bordeaux', 76),
(649, 28, 37, 'Noir', 95),
(650, 28, 37, 'Gris anthracite', 68),
(651, 28, 37, 'Bleu nuit', 38),
(652, 28, 38, 'Noir', 29),
(653, 28, 38, 'Gris anthracite', 25),
(654, 28, 38, 'Bleu nuit', 49),
(655, 28, 39, 'Noir', 31),
(656, 28, 39, 'Gris anthracite', 74),
(657, 28, 39, 'Bleu nuit', 52),
(658, 28, 40, 'Noir', 39),
(659, 28, 40, 'Gris anthracite', 37),
(660, 28, 40, 'Bleu nuit', 42),
(661, 28, 41, 'Noir', 47),
(662, 28, 41, 'Gris anthracite', 48),
(663, 28, 41, 'Bleu nuit', 55),
(664, 28, 42, 'Noir', 52),
(665, 28, 42, 'Gris anthracite', 100),
(666, 28, 42, 'Bleu nuit', 52),
(667, 28, 43, 'Noir', 82),
(668, 28, 43, 'Gris anthracite', 35),
(669, 28, 43, 'Bleu nuit', 46),
(670, 28, 44, 'Noir', 20),
(671, 28, 44, 'Gris anthracite', 66),
(672, 28, 44, 'Bleu nuit', 100),
(673, 28, 45, 'Noir', 29),
(674, 28, 45, 'Gris anthracite', 51),
(675, 28, 45, 'Bleu nuit', 62),
(676, 28, 46, 'Noir', 88),
(677, 28, 46, 'Gris anthracite', 42),
(678, 28, 46, 'Bleu nuit', 43),
(679, 29, 39, 'Marron', 55),
(680, 29, 39, 'Bleu marine', 56),
(681, 29, 39, 'Noir', 61),
(682, 29, 40, 'Marron', 63),
(683, 29, 40, 'Bleu marine', 49),
(684, 29, 40, 'Noir', 34),
(685, 29, 41, 'Marron', 68),
(686, 29, 41, 'Bleu marine', 80),
(687, 29, 41, 'Noir', 64),
(688, 29, 42, 'Marron', 71),
(689, 29, 42, 'Bleu marine', 96),
(690, 29, 42, 'Noir', 47),
(691, 29, 43, 'Marron', 21),
(692, 29, 43, 'Bleu marine', 64),
(693, 29, 43, 'Noir', 63),
(694, 29, 44, 'Marron', 85),
(695, 29, 44, 'Bleu marine', 100),
(696, 29, 44, 'Noir', 39),
(697, 29, 45, 'Marron', 66),
(698, 29, 45, 'Bleu marine', 97),
(699, 29, 45, 'Noir', 92),
(700, 29, 46, 'Marron', 88),
(701, 29, 46, 'Bleu marine', 99),
(702, 29, 46, 'Noir', 51),
(703, 30, 36, 'Nude', 66),
(704, 30, 36, 'Noir', 34),
(705, 30, 36, 'Bordeaux', 23),
(706, 30, 37, 'Nude', 59),
(707, 30, 37, 'Noir', 93),
(708, 30, 37, 'Bordeaux', 78),
(709, 30, 38, 'Nude', 20),
(710, 30, 38, 'Noir', 87),
(711, 30, 38, 'Bordeaux', 56),
(712, 30, 39, 'Nude', 27),
(713, 30, 39, 'Noir', 30),
(714, 30, 39, 'Bordeaux', 20),
(715, 30, 40, 'Nude', 91),
(716, 30, 40, 'Noir', 59),
(717, 30, 40, 'Bordeaux', 23),
(718, 30, 41, 'Nude', 40),
(719, 30, 41, 'Noir', 41),
(720, 30, 41, 'Bordeaux', 67),
(721, 30, 42, 'Nude', 52),
(722, 30, 42, 'Noir', 28),
(723, 30, 42, 'Bordeaux', 38),
(724, 31, 40, 'Marron foncé', 83),
(725, 31, 40, 'Noir vernis', 60),
(726, 31, 40, 'Cognac', 61),
(727, 31, 41, 'Marron foncé', 66),
(728, 31, 41, 'Noir vernis', 78),
(729, 31, 41, 'Cognac', 83),
(730, 31, 42, 'Marron foncé', 33),
(731, 31, 42, 'Noir vernis', 90),
(732, 31, 42, 'Cognac', 87),
(733, 31, 43, 'Marron foncé', 86),
(734, 31, 43, 'Noir vernis', 62),
(735, 31, 43, 'Cognac', 62),
(736, 31, 44, 'Marron foncé', 47),
(737, 31, 44, 'Noir vernis', 59),
(738, 31, 44, 'Cognac', 47),
(739, 31, 45, 'Marron foncé', 98),
(740, 31, 45, 'Noir vernis', 53),
(741, 31, 45, 'Cognac', 82),
(742, 31, 46, 'Marron foncé', 70),
(743, 31, 46, 'Noir vernis', 93),
(744, 31, 46, 'Cognac', 73),
(745, 32, 36, 'Noir', 65),
(746, 32, 36, 'Rouge carmin', 34),
(747, 32, 36, 'Or', 57),
(748, 32, 37, 'Noir', 35),
(749, 32, 37, 'Rouge carmin', 31),
(750, 32, 37, 'Or', 55),
(751, 32, 38, 'Noir', 25),
(752, 32, 38, 'Rouge carmin', 80),
(753, 32, 38, 'Or', 23),
(754, 32, 39, 'Noir', 72),
(755, 32, 39, 'Rouge carmin', 44),
(756, 32, 39, 'Or', 36),
(757, 32, 40, 'Noir', 59),
(758, 32, 40, 'Rouge carmin', 89),
(759, 32, 40, 'Or', 27),
(760, 32, 41, 'Noir', 97),
(761, 32, 41, 'Rouge carmin', 77),
(762, 32, 41, 'Or', 33),
(763, 33, 36, 'Camel', 95),
(764, 33, 36, 'Noir', 77),
(765, 33, 36, 'Bleu marine', 98),
(766, 33, 37, 'Camel', 35),
(767, 33, 37, 'Noir', 72),
(768, 33, 37, 'Bleu marine', 41),
(769, 33, 38, 'Camel', 30),
(770, 33, 38, 'Noir', 27),
(771, 33, 38, 'Bleu marine', 74),
(772, 33, 39, 'Camel', 74),
(773, 33, 39, 'Noir', 87),
(774, 33, 39, 'Bleu marine', 53),
(775, 33, 40, 'Camel', 44),
(776, 33, 40, 'Noir', 69),
(777, 33, 40, 'Bleu marine', 48),
(778, 33, 41, 'Camel', 57),
(779, 33, 41, 'Noir', 20),
(780, 33, 41, 'Bleu marine', 86),
(781, 33, 42, 'Camel', 24),
(782, 33, 42, 'Noir', 35),
(783, 33, 42, 'Bleu marine', 23),
(784, 34, 36, 'Champagne', 86),
(785, 34, 36, 'Argent', 72),
(786, 34, 36, 'Rose gold', 53),
(787, 34, 37, 'Champagne', 58),
(788, 34, 37, 'Argent', 26),
(789, 34, 37, 'Rose gold', 81),
(790, 34, 38, 'Champagne', 75),
(791, 34, 38, 'Argent', 86),
(792, 34, 38, 'Rose gold', 84),
(793, 34, 39, 'Champagne', 34),
(794, 34, 39, 'Argent', 68),
(795, 34, 39, 'Rose gold', 30),
(796, 34, 40, 'Champagne', 78),
(797, 34, 40, 'Argent', 27),
(798, 34, 40, 'Rose gold', 71),
(799, 34, 41, 'Champagne', 29),
(800, 34, 41, 'Argent', 75),
(801, 34, 41, 'Rose gold', 47),
(802, 35, 39, 'Noir', 26),
(803, 35, 39, 'Marron', 88),
(804, 35, 40, 'Noir', 52),
(805, 35, 40, 'Marron', 46),
(806, 35, 41, 'Noir', 25),
(807, 35, 41, 'Marron', 51),
(808, 35, 42, 'Noir', 35),
(809, 35, 42, 'Marron', 44),
(810, 35, 43, 'Noir', 81),
(811, 35, 43, 'Marron', 95),
(812, 35, 44, 'Noir', 55),
(813, 35, 44, 'Marron', 72),
(814, 35, 45, 'Noir', 98),
(815, 35, 45, 'Marron', 89),
(816, 35, 46, 'Noir', 46),
(817, 35, 46, 'Marron', 52),
(818, 35, 47, 'Noir', 47),
(819, 35, 47, 'Marron', 61),
(820, 36, 38, 'Noir', 26),
(821, 36, 38, 'Gris', 27),
(822, 36, 39, 'Noir', 57),
(823, 36, 39, 'Gris', 23),
(824, 36, 40, 'Noir', 82),
(825, 36, 40, 'Gris', 100),
(826, 36, 41, 'Noir', 52),
(827, 36, 41, 'Gris', 96),
(828, 36, 42, 'Noir', 41),
(829, 36, 42, 'Gris', 79),
(830, 36, 43, 'Noir', 94),
(831, 36, 43, 'Gris', 28),
(832, 36, 44, 'Noir', 23),
(833, 36, 44, 'Gris', 52),
(834, 36, 45, 'Noir', 79),
(835, 36, 45, 'Gris', 93),
(836, 36, 46, 'Noir', 28),
(837, 36, 46, 'Gris', 90),
(838, 37, 38, 'Noir', 60),
(839, 37, 39, 'Noir', 73),
(840, 37, 40, 'Noir', 95),
(841, 37, 41, 'Noir', 91),
(842, 37, 42, 'Noir', 83),
(843, 37, 43, 'Noir', 93),
(844, 37, 44, 'Noir', 97),
(845, 37, 45, 'Noir', 51),
(846, 37, 46, 'Noir', 68),
(847, 38, 37, 'Blanc', 95),
(848, 38, 37, 'Noir', 94),
(849, 38, 37, 'Terracotta', 66),
(850, 38, 38, 'Blanc', 48),
(851, 38, 38, 'Noir', 95),
(852, 38, 38, 'Terracotta', 47),
(853, 38, 39, 'Blanc', 31),
(854, 38, 39, 'Noir', 23),
(855, 38, 39, 'Terracotta', 33),
(856, 38, 40, 'Blanc', 49),
(857, 38, 40, 'Noir', 31),
(858, 38, 40, 'Terracotta', 79),
(859, 38, 41, 'Blanc', 59),
(860, 38, 41, 'Noir', 74),
(861, 38, 41, 'Terracotta', 33),
(862, 38, 42, 'Blanc', 85),
(863, 38, 42, 'Noir', 45),
(864, 38, 42, 'Terracotta', 75),
(865, 38, 43, 'Blanc', 74),
(866, 38, 43, 'Noir', 37),
(867, 38, 43, 'Terracotta', 50),
(868, 38, 44, 'Blanc', 76),
(869, 38, 44, 'Noir', 40),
(870, 38, 44, 'Terracotta', 24),
(871, 38, 45, 'Blanc', 53),
(872, 38, 45, 'Noir', 43),
(873, 38, 45, 'Terracotta', 52),
(874, 39, 36, 'Vert sauge', 33),
(875, 39, 36, 'Bleu ardoise', 45),
(876, 39, 36, 'Sable', 58),
(877, 39, 37, 'Vert sauge', 87),
(878, 39, 37, 'Bleu ardoise', 61),
(879, 39, 37, 'Sable', 80),
(880, 39, 38, 'Vert sauge', 94),
(881, 39, 38, 'Bleu ardoise', 74),
(882, 39, 38, 'Sable', 73),
(883, 39, 39, 'Vert sauge', 49),
(884, 39, 39, 'Bleu ardoise', 49),
(885, 39, 39, 'Sable', 22),
(886, 39, 40, 'Vert sauge', 82),
(887, 39, 40, 'Bleu ardoise', 85),
(888, 39, 40, 'Sable', 46),
(889, 39, 41, 'Vert sauge', 70),
(890, 39, 41, 'Bleu ardoise', 24),
(891, 39, 41, 'Sable', 93),
(892, 39, 42, 'Vert sauge', 46),
(893, 39, 42, 'Bleu ardoise', 94),
(894, 39, 42, 'Sable', 36),
(895, 39, 43, 'Vert sauge', 69),
(896, 39, 43, 'Bleu ardoise', 25),
(897, 39, 43, 'Sable', 41),
(898, 39, 44, 'Vert sauge', 54),
(899, 39, 44, 'Bleu ardoise', 55),
(900, 39, 44, 'Sable', 54),
(901, 39, 45, 'Vert sauge', 90),
(902, 39, 45, 'Bleu ardoise', 35),
(903, 39, 45, 'Sable', 35),
(904, 40, 36, 'Gris chiné', 64),
(905, 40, 36, 'Bleu nuit', 35),
(906, 40, 36, 'Bordeaux', 82),
(907, 40, 37, 'Gris chiné', 38),
(908, 40, 37, 'Bleu nuit', 80),
(909, 40, 37, 'Bordeaux', 31),
(910, 40, 38, 'Gris chiné', 26),
(911, 40, 38, 'Bleu nuit', 45),
(912, 40, 38, 'Bordeaux', 57),
(913, 40, 39, 'Gris chiné', 29),
(914, 40, 39, 'Bleu nuit', 48),
(915, 40, 39, 'Bordeaux', 87),
(916, 40, 40, 'Gris chiné', 39),
(917, 40, 40, 'Bleu nuit', 44),
(918, 40, 40, 'Bordeaux', 53),
(919, 40, 41, 'Gris chiné', 51),
(920, 40, 41, 'Bleu nuit', 44),
(921, 40, 41, 'Bordeaux', 28),
(922, 40, 42, 'Gris chiné', 91),
(923, 40, 42, 'Bleu nuit', 81),
(924, 40, 42, 'Bordeaux', 38),
(925, 40, 43, 'Gris chiné', 81),
(926, 40, 43, 'Bleu nuit', 89),
(927, 40, 43, 'Bordeaux', 75),
(928, 40, 44, 'Gris chiné', 81),
(929, 40, 44, 'Bleu nuit', 31),
(930, 40, 44, 'Bordeaux', 52),
(931, 40, 45, 'Gris chiné', 32),
(932, 40, 45, 'Bleu nuit', 59),
(933, 40, 45, 'Bordeaux', 46),
(934, 41, 36, 'Rose poudré', 36),
(935, 41, 36, 'Lilas', 37),
(936, 41, 36, 'Crème', 82),
(937, 41, 37, 'Rose poudré', 97),
(938, 41, 37, 'Lilas', 48),
(939, 41, 37, 'Crème', 96),
(940, 41, 38, 'Rose poudré', 87),
(941, 41, 38, 'Lilas', 77),
(942, 41, 38, 'Crème', 87),
(943, 41, 39, 'Rose poudré', 94),
(944, 41, 39, 'Lilas', 56),
(945, 41, 39, 'Crème', 53),
(946, 41, 40, 'Rose poudré', 80),
(947, 41, 40, 'Lilas', 42),
(948, 41, 40, 'Crème', 40),
(949, 41, 41, 'Rose poudré', 43),
(950, 41, 41, 'Lilas', 38),
(951, 41, 41, 'Crème', 70),
(952, 41, 42, 'Rose poudré', 38),
(953, 41, 42, 'Lilas', 62),
(954, 41, 42, 'Crème', 61),
(955, 42, 37, 'Blanc', 65),
(956, 42, 37, 'Gris', 96),
(957, 42, 37, 'Bleu ciel', 45),
(958, 42, 38, 'Blanc', 46),
(959, 42, 38, 'Gris', 30),
(960, 42, 38, 'Bleu ciel', 37),
(961, 42, 39, 'Blanc', 80),
(962, 42, 39, 'Gris', 20),
(963, 42, 39, 'Bleu ciel', 22),
(964, 42, 40, 'Blanc', 95),
(965, 42, 40, 'Gris', 30),
(966, 42, 40, 'Bleu ciel', 46),
(967, 42, 41, 'Blanc', 23),
(968, 42, 41, 'Gris', 94),
(969, 42, 41, 'Bleu ciel', 22),
(970, 42, 42, 'Blanc', 93),
(971, 42, 42, 'Gris', 48),
(972, 42, 42, 'Bleu ciel', 61),
(973, 42, 43, 'Blanc', 42),
(974, 42, 43, 'Gris', 21),
(975, 42, 43, 'Bleu ciel', 24),
(976, 42, 44, 'Blanc', 30),
(977, 42, 44, 'Gris', 29),
(978, 42, 44, 'Bleu ciel', 80),
(979, 42, 45, 'Blanc', 40),
(980, 42, 45, 'Gris', 92),
(981, 42, 45, 'Bleu ciel', 31),
(982, 42, 46, 'Blanc', 93),
(983, 42, 46, 'Gris', 59),
(984, 42, 46, 'Bleu ciel', 87),
(985, 43, 37, 'Vert olive', 98),
(986, 43, 37, 'Beige', 44),
(987, 43, 37, 'Gris taupe', 71),
(988, 43, 38, 'Vert olive', 62),
(989, 43, 38, 'Beige', 76),
(990, 43, 38, 'Gris taupe', 24),
(991, 43, 39, 'Vert olive', 54),
(992, 43, 39, 'Beige', 68),
(993, 43, 39, 'Gris taupe', 76),
(994, 43, 40, 'Vert olive', 46),
(995, 43, 40, 'Beige', 34),
(996, 43, 40, 'Gris taupe', 86),
(997, 43, 41, 'Vert olive', 26),
(998, 43, 41, 'Beige', 99),
(999, 43, 41, 'Gris taupe', 40),
(1000, 43, 42, 'Vert olive', 69),
(1001, 43, 42, 'Beige', 84),
(1002, 43, 42, 'Gris taupe', 60),
(1003, 43, 43, 'Vert olive', 54),
(1004, 43, 43, 'Beige', 99),
(1005, 43, 43, 'Gris taupe', 75),
(1006, 43, 44, 'Vert olive', 54),
(1007, 43, 44, 'Beige', 100),
(1008, 43, 44, 'Gris taupe', 63),
(1009, 43, 45, 'Vert olive', 54),
(1010, 43, 45, 'Beige', 51),
(1011, 43, 45, 'Gris taupe', 49),
(1012, 44, 36, 'Noir', 76),
(1013, 44, 36, 'Gris', 58),
(1014, 44, 36, 'Vert', 61),
(1015, 44, 37, 'Noir', 57),
(1016, 44, 37, 'Gris', 73),
(1017, 44, 37, 'Vert', 50),
(1018, 44, 38, 'Noir', 86),
(1019, 44, 38, 'Gris', 89),
(1020, 44, 38, 'Vert', 75),
(1021, 44, 39, 'Noir', 38),
(1022, 44, 39, 'Gris', 29),
(1023, 44, 39, 'Vert', 80),
(1024, 44, 40, 'Noir', 69),
(1025, 44, 40, 'Gris', 24),
(1026, 44, 40, 'Vert', 31),
(1027, 44, 41, 'Noir', 77),
(1028, 44, 41, 'Gris', 63),
(1029, 44, 41, 'Vert', 87),
(1030, 44, 42, 'Noir', 55),
(1031, 44, 42, 'Gris', 93),
(1032, 44, 42, 'Vert', 60),
(1033, 44, 43, 'Noir', 90),
(1034, 44, 43, 'Gris', 96),
(1035, 44, 43, 'Vert', 84),
(1036, 44, 44, 'Noir', 48),
(1037, 44, 44, 'Gris', 56),
(1038, 44, 44, 'Vert', 32),
(1039, 44, 45, 'Noir', 52),
(1040, 44, 45, 'Gris', 61),
(1041, 44, 45, 'Vert', 84),
(1042, 44, 46, 'Noir', 97),
(1043, 44, 46, 'Gris', 75),
(1044, 44, 46, 'Vert', 21),
(1045, 45, 36, 'Terracotta', 61),
(1046, 45, 36, 'Bleu indigo', 68),
(1047, 45, 36, 'Charbon', 97),
(1048, 45, 37, 'Terracotta', 44),
(1049, 45, 37, 'Bleu indigo', 55),
(1050, 45, 37, 'Charbon', 93),
(1051, 45, 38, 'Terracotta', 64),
(1052, 45, 38, 'Bleu indigo', 60),
(1053, 45, 38, 'Charbon', 88),
(1054, 45, 39, 'Terracotta', 81),
(1055, 45, 39, 'Bleu indigo', 51),
(1056, 45, 39, 'Charbon', 34),
(1057, 45, 40, 'Terracotta', 49),
(1058, 45, 40, 'Bleu indigo', 86),
(1059, 45, 40, 'Charbon', 89),
(1060, 45, 41, 'Terracotta', 76),
(1061, 45, 41, 'Bleu indigo', 20),
(1062, 45, 41, 'Charbon', 68),
(1063, 45, 42, 'Terracotta', 55),
(1064, 45, 42, 'Bleu indigo', 46),
(1065, 45, 42, 'Charbon', 93),
(1066, 45, 43, 'Terracotta', 68),
(1067, 45, 43, 'Bleu indigo', 51),
(1068, 45, 43, 'Charbon', 30),
(1069, 45, 44, 'Terracotta', 63),
(1070, 45, 44, 'Bleu indigo', 70),
(1071, 45, 44, 'Charbon', 95),
(1072, 45, 45, 'Terracotta', 60),
(1073, 45, 45, 'Bleu indigo', 89),
(1074, 45, 45, 'Charbon', 45),
(1075, 45, 46, 'Terracotta', 66),
(1076, 45, 46, 'Bleu indigo', 28),
(1077, 45, 46, 'Charbon', 52),
(1078, 46, 36, 'Marine', 80),
(1079, 46, 36, 'Blanc', 76),
(1080, 46, 36, 'Rouge', 76),
(1081, 46, 37, 'Marine', 91),
(1082, 46, 37, 'Blanc', 41),
(1083, 46, 37, 'Rouge', 36),
(1084, 46, 38, 'Marine', 78),
(1085, 46, 38, 'Blanc', 93),
(1086, 46, 38, 'Rouge', 89),
(1087, 46, 39, 'Marine', 24),
(1088, 46, 39, 'Blanc', 93),
(1089, 46, 39, 'Rouge', 57),
(1090, 46, 40, 'Marine', 39),
(1091, 46, 40, 'Blanc', 79),
(1092, 46, 40, 'Rouge', 28),
(1093, 46, 41, 'Marine', 27),
(1094, 46, 41, 'Blanc', 89),
(1095, 46, 41, 'Rouge', 82),
(1096, 46, 42, 'Marine', 38),
(1097, 46, 42, 'Blanc', 53),
(1098, 46, 42, 'Rouge', 98),
(1099, 46, 43, 'Marine', 40),
(1100, 46, 43, 'Blanc', 98),
(1101, 46, 43, 'Rouge', 61),
(1102, 46, 44, 'Marine', 84),
(1103, 46, 44, 'Blanc', 79),
(1104, 46, 44, 'Rouge', 48),
(1105, 46, 45, 'Marine', 46),
(1106, 46, 45, 'Blanc', 30),
(1107, 46, 45, 'Rouge', 99),
(1108, 47, 37, 'Gris chiné', 31),
(1109, 47, 37, 'Noir', 53),
(1110, 47, 37, 'Beige', 52),
(1111, 47, 38, 'Gris chiné', 50),
(1112, 47, 38, 'Noir', 88),
(1113, 47, 38, 'Beige', 44),
(1114, 47, 39, 'Gris chiné', 99),
(1115, 47, 39, 'Noir', 68),
(1116, 47, 39, 'Beige', 59),
(1117, 47, 40, 'Gris chiné', 89),
(1118, 47, 40, 'Noir', 75),
(1119, 47, 40, 'Beige', 64),
(1120, 47, 41, 'Gris chiné', 44),
(1121, 47, 41, 'Noir', 74),
(1122, 47, 41, 'Beige', 21),
(1123, 47, 42, 'Gris chiné', 59),
(1124, 47, 42, 'Noir', 45),
(1125, 47, 42, 'Beige', 52),
(1126, 47, 43, 'Gris chiné', 87),
(1127, 47, 43, 'Noir', 32),
(1128, 47, 43, 'Beige', 61),
(1129, 47, 44, 'Gris chiné', 71),
(1130, 47, 44, 'Noir', 45),
(1131, 47, 44, 'Beige', 24),
(1132, 47, 45, 'Gris chiné', 60),
(1133, 47, 45, 'Noir', 97),
(1134, 47, 45, 'Beige', 100),
(1135, 48, 37, 'Noir', 72),
(1136, 48, 37, 'Bleu marine', 87),
(1137, 48, 37, 'Kaki', 82),
(1138, 48, 38, 'Noir', 37),
(1139, 48, 38, 'Bleu marine', 89),
(1140, 48, 38, 'Kaki', 96),
(1141, 48, 39, 'Noir', 52),
(1142, 48, 39, 'Bleu marine', 90),
(1143, 48, 39, 'Kaki', 33),
(1144, 48, 40, 'Noir', 93),
(1145, 48, 40, 'Bleu marine', 79),
(1146, 48, 40, 'Kaki', 21),
(1147, 48, 41, 'Noir', 62),
(1148, 48, 41, 'Bleu marine', 46),
(1149, 48, 41, 'Kaki', 96),
(1150, 48, 42, 'Noir', 75),
(1151, 48, 42, 'Bleu marine', 96),
(1152, 48, 42, 'Kaki', 82),
(1153, 48, 43, 'Noir', 46),
(1154, 48, 43, 'Bleu marine', 39),
(1155, 48, 43, 'Kaki', 35),
(1156, 48, 44, 'Noir', 93),
(1157, 48, 44, 'Bleu marine', 76),
(1158, 48, 44, 'Kaki', 90),
(1159, 48, 45, 'Noir', 93),
(1160, 48, 45, 'Bleu marine', 34),
(1161, 48, 45, 'Kaki', 32),
(1162, 48, 46, 'Noir', 69),
(1163, 48, 46, 'Bleu marine', 43),
(1164, 48, 46, 'Kaki', 83),
(1165, 49, 37, 'Noir', 69),
(1166, 49, 37, 'Vert hunter', 98),
(1167, 49, 37, 'Bordeaux', 24),
(1168, 49, 38, 'Noir', 36),
(1169, 49, 38, 'Vert hunter', 36),
(1170, 49, 38, 'Bordeaux', 66),
(1171, 49, 39, 'Noir', 98),
(1172, 49, 39, 'Vert hunter', 82),
(1173, 49, 39, 'Bordeaux', 29),
(1174, 49, 40, 'Noir', 85),
(1175, 49, 40, 'Vert hunter', 28),
(1176, 49, 40, 'Bordeaux', 100),
(1177, 49, 41, 'Noir', 33),
(1178, 49, 41, 'Vert hunter', 82),
(1179, 49, 41, 'Bordeaux', 44),
(1180, 49, 42, 'Noir', 98),
(1181, 49, 42, 'Vert hunter', 63),
(1182, 49, 42, 'Bordeaux', 21),
(1183, 49, 43, 'Noir', 28),
(1184, 49, 43, 'Vert hunter', 98),
(1185, 49, 43, 'Bordeaux', 42),
(1186, 49, 44, 'Noir', 25),
(1187, 49, 44, 'Vert hunter', 21),
(1188, 49, 44, 'Bordeaux', 49),
(1189, 49, 45, 'Noir', 88),
(1190, 49, 45, 'Vert hunter', 86),
(1191, 49, 45, 'Bordeaux', 92),
(1192, 49, 46, 'Noir', 66),
(1193, 49, 46, 'Vert hunter', 45),
(1194, 49, 46, 'Bordeaux', 79),
(1195, 50, 37, 'Noir', 72),
(1196, 50, 37, 'Rouge', 27),
(1197, 50, 37, 'Blanc', 25),
(1198, 50, 38, 'Noir', 31),
(1199, 50, 38, 'Rouge', 98),
(1200, 50, 38, 'Blanc', 57),
(1201, 50, 39, 'Noir', 100),
(1202, 50, 39, 'Rouge', 90),
(1203, 50, 39, 'Blanc', 85),
(1204, 50, 40, 'Noir', 63),
(1205, 50, 40, 'Rouge', 100),
(1206, 50, 40, 'Blanc', 52),
(1207, 50, 41, 'Noir', 70),
(1208, 50, 41, 'Rouge', 82),
(1209, 50, 41, 'Blanc', 21),
(1210, 50, 42, 'Noir', 33),
(1211, 50, 42, 'Rouge', 41),
(1212, 50, 42, 'Blanc', 44),
(1213, 50, 43, 'Noir', 72),
(1214, 50, 43, 'Rouge', 91),
(1215, 50, 43, 'Blanc', 22),
(1216, 50, 44, 'Noir', 32),
(1217, 50, 44, 'Rouge', 88),
(1218, 50, 44, 'Blanc', 72),
(1219, 50, 45, 'Noir', 54),
(1220, 50, 45, 'Rouge', 68),
(1221, 50, 45, 'Blanc', 33),
(1222, 50, 46, 'Noir', 36),
(1223, 50, 46, 'Rouge', 60),
(1224, 50, 46, 'Blanc', 88),
(1225, 51, 35, 'Nude', 53),
(1226, 51, 35, 'Noir', 54),
(1227, 51, 35, 'Blanc', 61),
(1228, 51, 36, 'Nude', 60),
(1229, 51, 36, 'Noir', 32),
(1230, 51, 36, 'Blanc', 35),
(1231, 51, 37, 'Nude', 45),
(1232, 51, 37, 'Noir', 42),
(1233, 51, 37, 'Blanc', 63),
(1234, 51, 38, 'Nude', 32),
(1235, 51, 38, 'Noir', 39),
(1236, 51, 38, 'Blanc', 60),
(1237, 51, 39, 'Nude', 47),
(1238, 51, 39, 'Noir', 44),
(1239, 51, 39, 'Blanc', 55),
(1240, 51, 40, 'Nude', 81),
(1241, 51, 40, 'Noir', 53),
(1242, 51, 40, 'Blanc', 27),
(1243, 51, 41, 'Nude', 51),
(1244, 51, 41, 'Noir', 51),
(1245, 51, 41, 'Blanc', 59),
(1246, 51, 42, 'Nude', 51),
(1247, 51, 42, 'Noir', 50),
(1248, 51, 42, 'Blanc', 81),
(1249, 52, 35, 'Rouge', 73),
(1250, 52, 35, 'Noir', 57),
(1251, 52, 35, 'Argent', 72),
(1252, 52, 36, 'Rouge', 26),
(1253, 52, 36, 'Noir', 87),
(1254, 52, 36, 'Argent', 83),
(1255, 52, 37, 'Rouge', 30),
(1256, 52, 37, 'Noir', 58),
(1257, 52, 37, 'Argent', 41),
(1258, 52, 38, 'Rouge', 62),
(1259, 52, 38, 'Noir', 65),
(1260, 52, 38, 'Argent', 89),
(1261, 52, 39, 'Rouge', 34),
(1262, 52, 39, 'Noir', 62),
(1263, 52, 39, 'Argent', 46),
(1264, 52, 40, 'Rouge', 23),
(1265, 52, 40, 'Noir', 89),
(1266, 52, 40, 'Argent', 94),
(1267, 52, 41, 'Rouge', 66),
(1268, 52, 41, 'Noir', 43),
(1269, 52, 41, 'Argent', 39),
(1270, 52, 42, 'Rouge', 68),
(1271, 52, 42, 'Noir', 62),
(1272, 52, 42, 'Argent', 90),
(1273, 53, 36, 'Naturel', 90),
(1274, 53, 36, 'Marine', 32),
(1275, 53, 36, 'Rouge', 91),
(1276, 53, 37, 'Naturel', 66),
(1277, 53, 37, 'Marine', 51),
(1278, 53, 37, 'Rouge', 58),
(1279, 53, 38, 'Naturel', 37),
(1280, 53, 38, 'Marine', 90),
(1281, 53, 38, 'Rouge', 70),
(1282, 53, 39, 'Naturel', 39),
(1283, 53, 39, 'Marine', 40),
(1284, 53, 39, 'Rouge', 77),
(1285, 53, 40, 'Naturel', 68),
(1286, 53, 40, 'Marine', 42),
(1287, 53, 40, 'Rouge', 34),
(1288, 53, 41, 'Naturel', 21),
(1289, 53, 41, 'Marine', 21),
(1290, 53, 41, 'Rouge', 77),
(1291, 53, 42, 'Naturel', 23),
(1292, 53, 42, 'Marine', 64),
(1293, 53, 42, 'Rouge', 58),
(1294, 53, 43, 'Naturel', 100),
(1295, 53, 43, 'Marine', 55),
(1296, 53, 43, 'Rouge', 90),
(1297, 53, 44, 'Naturel', 87),
(1298, 53, 44, 'Marine', 41),
(1299, 53, 44, 'Rouge', 73),
(1300, 53, 45, 'Naturel', 86),
(1301, 53, 45, 'Marine', 63),
(1302, 53, 45, 'Rouge', 33),
(1303, 54, 36, 'Blanc', 23),
(1304, 54, 36, 'Marine', 96),
(1305, 54, 36, 'Corail', 84),
(1306, 54, 37, 'Blanc', 69),
(1307, 54, 37, 'Marine', 69),
(1308, 54, 37, 'Corail', 47),
(1309, 54, 38, 'Blanc', 68),
(1310, 54, 38, 'Marine', 55),
(1311, 54, 38, 'Corail', 51),
(1312, 54, 39, 'Blanc', 40),
(1313, 54, 39, 'Marine', 37),
(1314, 54, 39, 'Corail', 57),
(1315, 54, 40, 'Blanc', 38),
(1316, 54, 40, 'Marine', 58),
(1317, 54, 40, 'Corail', 92),
(1318, 54, 41, 'Blanc', 73),
(1319, 54, 41, 'Marine', 84),
(1320, 54, 41, 'Corail', 62),
(1321, 54, 42, 'Blanc', 20),
(1322, 54, 42, 'Marine', 66),
(1323, 54, 42, 'Corail', 53),
(1324, 55, 36, 'Blanc', 89),
(1325, 55, 36, 'Bleu', 49),
(1326, 55, 36, 'Noir', 67),
(1327, 55, 36, 'Vert', 67),
(1328, 55, 37, 'Blanc', 98),
(1329, 55, 37, 'Bleu', 81),
(1330, 55, 37, 'Noir', 26),
(1331, 55, 37, 'Vert', 75),
(1332, 55, 38, 'Blanc', 72),
(1333, 55, 38, 'Bleu', 86),
(1334, 55, 38, 'Noir', 98),
(1335, 55, 38, 'Vert', 21),
(1336, 55, 39, 'Blanc', 79),
(1337, 55, 39, 'Bleu', 21),
(1338, 55, 39, 'Noir', 59),
(1339, 55, 39, 'Vert', 39),
(1340, 55, 40, 'Blanc', 94),
(1341, 55, 40, 'Bleu', 61),
(1342, 55, 40, 'Noir', 60),
(1343, 55, 40, 'Vert', 62),
(1344, 55, 41, 'Blanc', 31),
(1345, 55, 41, 'Bleu', 49),
(1346, 55, 41, 'Noir', 87),
(1347, 55, 41, 'Vert', 56),
(1348, 55, 42, 'Blanc', 86),
(1349, 55, 42, 'Bleu', 69),
(1350, 55, 42, 'Noir', 49),
(1351, 55, 42, 'Vert', 98),
(1352, 55, 43, 'Blanc', 64),
(1353, 55, 43, 'Bleu', 49),
(1354, 55, 43, 'Noir', 42),
(1355, 55, 43, 'Vert', 74),
(1356, 55, 44, 'Blanc', 91),
(1357, 55, 44, 'Bleu', 24),
(1358, 55, 44, 'Noir', 91),
(1359, 55, 44, 'Vert', 82),
(1360, 55, 45, 'Blanc', 66),
(1361, 55, 45, 'Bleu', 23),
(1362, 55, 45, 'Noir', 84),
(1363, 55, 45, 'Vert', 88),
(1364, 55, 46, 'Blanc', 80),
(1365, 55, 46, 'Bleu', 48),
(1366, 55, 46, 'Noir', 70),
(1367, 55, 46, 'Vert', 22),
(1368, 56, 36, 'Vert', 69),
(1369, 56, 36, 'Orange', 92),
(1370, 56, 36, 'Bleu', 96),
(1371, 56, 36, 'Jaune', 58),
(1372, 56, 37, 'Vert', 60),
(1373, 56, 37, 'Orange', 72),
(1374, 56, 37, 'Bleu', 98),
(1375, 56, 37, 'Jaune', 65),
(1376, 56, 38, 'Vert', 59),
(1377, 56, 38, 'Orange', 47),
(1378, 56, 38, 'Bleu', 97),
(1379, 56, 38, 'Jaune', 40),
(1380, 56, 39, 'Vert', 93),
(1381, 56, 39, 'Orange', 47),
(1382, 56, 39, 'Bleu', 24),
(1383, 56, 39, 'Jaune', 86),
(1384, 56, 40, 'Vert', 58),
(1385, 56, 40, 'Orange', 25),
(1386, 56, 40, 'Bleu', 29),
(1387, 56, 40, 'Jaune', 67),
(1388, 56, 41, 'Vert', 76),
(1389, 56, 41, 'Orange', 65),
(1390, 56, 41, 'Bleu', 97),
(1391, 56, 41, 'Jaune', 74),
(1392, 56, 42, 'Vert', 94),
(1393, 56, 42, 'Orange', 45),
(1394, 56, 42, 'Bleu', 82),
(1395, 56, 42, 'Jaune', 43),
(1396, 56, 43, 'Vert', 32),
(1397, 56, 43, 'Orange', 56),
(1398, 56, 43, 'Bleu', 99),
(1399, 56, 43, 'Jaune', 67),
(1400, 56, 44, 'Vert', 80),
(1401, 56, 44, 'Orange', 43),
(1402, 56, 44, 'Bleu', 100),
(1403, 56, 44, 'Jaune', 40),
(1404, 56, 45, 'Vert', 88),
(1405, 56, 45, 'Orange', 39),
(1406, 56, 45, 'Bleu', 27),
(1407, 56, 45, 'Jaune', 54),
(1408, 56, 46, 'Vert', 25),
(1409, 56, 46, 'Orange', 70),
(1410, 56, 46, 'Bleu', 99),
(1411, 56, 46, 'Jaune', 82),
(1412, 57, 37, 'Gris', 73),
(1413, 57, 37, 'Kaki', 50),
(1414, 57, 37, 'Bleu pétrole', 75),
(1415, 57, 38, 'Gris', 20),
(1416, 57, 38, 'Kaki', 62),
(1417, 57, 38, 'Bleu pétrole', 80),
(1418, 57, 39, 'Gris', 45),
(1419, 57, 39, 'Kaki', 75),
(1420, 57, 39, 'Bleu pétrole', 40),
(1421, 57, 40, 'Gris', 84),
(1422, 57, 40, 'Kaki', 72),
(1423, 57, 40, 'Bleu pétrole', 54),
(1424, 57, 41, 'Gris', 47),
(1425, 57, 41, 'Kaki', 62),
(1426, 57, 41, 'Bleu pétrole', 93),
(1427, 57, 42, 'Gris', 87),
(1428, 57, 42, 'Kaki', 40),
(1429, 57, 42, 'Bleu pétrole', 22),
(1430, 57, 43, 'Gris', 51),
(1431, 57, 43, 'Kaki', 68),
(1432, 57, 43, 'Bleu pétrole', 68),
(1433, 57, 44, 'Gris', 65),
(1434, 57, 44, 'Kaki', 39),
(1435, 57, 44, 'Bleu pétrole', 48),
(1436, 57, 45, 'Gris', 39),
(1437, 57, 45, 'Kaki', 61),
(1438, 57, 45, 'Bleu pétrole', 76),
(1439, 57, 46, 'Gris', 88),
(1440, 57, 46, 'Kaki', 47),
(1441, 57, 46, 'Bleu pétrole', 86),
(1442, 58, 37, 'Noir', 58),
(1443, 58, 37, 'Blanc cassé', 69),
(1444, 58, 37, 'Vert kaki', 48),
(1445, 58, 38, 'Noir', 20),
(1446, 58, 38, 'Blanc cassé', 51),
(1447, 58, 38, 'Vert kaki', 58),
(1448, 58, 39, 'Noir', 23),
(1449, 58, 39, 'Blanc cassé', 83),
(1450, 58, 39, 'Vert kaki', 89),
(1451, 58, 40, 'Noir', 84),
(1452, 58, 40, 'Blanc cassé', 28),
(1453, 58, 40, 'Vert kaki', 40),
(1454, 58, 41, 'Noir', 72),
(1455, 58, 41, 'Blanc cassé', 28),
(1456, 58, 41, 'Vert kaki', 53),
(1457, 58, 42, 'Noir', 96),
(1458, 58, 42, 'Blanc cassé', 55),
(1459, 58, 42, 'Vert kaki', 29),
(1460, 58, 43, 'Noir', 80),
(1461, 58, 43, 'Blanc cassé', 40),
(1462, 58, 43, 'Vert kaki', 54),
(1463, 58, 44, 'Noir', 31),
(1464, 58, 44, 'Blanc cassé', 75),
(1465, 58, 44, 'Vert kaki', 43),
(1466, 58, 45, 'Noir', 22),
(1467, 58, 45, 'Blanc cassé', 45),
(1468, 58, 45, 'Vert kaki', 76);

--
-- Index pour les tables déchargées
--

--
-- Index pour la table `articles`
--
ALTER TABLE `articles`
  ADD PRIMARY KEY (`id_shoes`);

--
-- Index pour la table `chat_sessions`
--
ALTER TABLE `chat_sessions`
  ADD PRIMARY KEY (`id`),
  ADD KEY `id_client` (`id_client`);

--
-- Index pour la table `clients`
--
ALTER TABLE `clients`
  ADD PRIMARY KEY (`id_client`),
  ADD UNIQUE KEY `mail` (`mail`);

--
-- Index pour la table `commandes`
--
ALTER TABLE `commandes`
  ADD PRIMARY KEY (`id_commande`),
  ADD KEY `fk_commande_client` (`id_client`);

--
-- Index pour la table `conversations`
--
ALTER TABLE `conversations`
  ADD PRIMARY KEY (`id`),
  ADD KEY `id_session` (`id_session`),
  ADD KEY `id_client` (`id_client`);

--
-- Index pour la table `favoris`
--
ALTER TABLE `favoris`
  ADD PRIMARY KEY (`id`),
  ADD UNIQUE KEY `id_client` (`id_client`,`id_shoes`),
  ADD KEY `id_shoes` (`id_shoes`);

--
-- Index pour la table `lignes_commande`
--
ALTER TABLE `lignes_commande`
  ADD PRIMARY KEY (`id_ligne`),
  ADD KEY `fk_ligne_commande` (`id_commande`),
  ADD KEY `fk_ligne_shoes` (`id_shoes`);

--
-- Index pour la table `panier`
--
ALTER TABLE `panier`
  ADD PRIMARY KEY (`id_panier`),
  ADD KEY `fk_panier_client` (`id_client`),
  ADD KEY `id_variant` (`id_variant`);

--
-- Index pour la table `size_color`
--
ALTER TABLE `size_color`
  ADD PRIMARY KEY (`id_variant`),
  ADD KEY `id_shoes` (`id_shoes`);

--
-- AUTO_INCREMENT pour les tables déchargées
--

--
-- AUTO_INCREMENT pour la table `chat_sessions`
--
ALTER TABLE `chat_sessions`
  MODIFY `id` int(11) NOT NULL AUTO_INCREMENT, AUTO_INCREMENT=24;

--
-- AUTO_INCREMENT pour la table `clients`
--
ALTER TABLE `clients`
  MODIFY `id_client` int(11) NOT NULL AUTO_INCREMENT, AUTO_INCREMENT=5;

--
-- AUTO_INCREMENT pour la table `commandes`
--
ALTER TABLE `commandes`
  MODIFY `id_commande` int(11) NOT NULL AUTO_INCREMENT, AUTO_INCREMENT=2;

--
-- AUTO_INCREMENT pour la table `conversations`
--
ALTER TABLE `conversations`
  MODIFY `id` int(11) NOT NULL AUTO_INCREMENT, AUTO_INCREMENT=113;

--
-- AUTO_INCREMENT pour la table `favoris`
--
ALTER TABLE `favoris`
  MODIFY `id` int(11) NOT NULL AUTO_INCREMENT, AUTO_INCREMENT=33;

--
-- AUTO_INCREMENT pour la table `lignes_commande`
--
ALTER TABLE `lignes_commande`
  MODIFY `id_ligne` int(11) NOT NULL AUTO_INCREMENT, AUTO_INCREMENT=2;

--
-- AUTO_INCREMENT pour la table `panier`
--
ALTER TABLE `panier`
  MODIFY `id_panier` int(11) NOT NULL AUTO_INCREMENT, AUTO_INCREMENT=18;

--
-- Contraintes pour les tables déchargées
--

--
-- Contraintes pour la table `chat_sessions`
--
ALTER TABLE `chat_sessions`
  ADD CONSTRAINT `chat_sessions_ibfk_1` FOREIGN KEY (`id_client`) REFERENCES `clients` (`id_client`) ON DELETE CASCADE;

--
-- Contraintes pour la table `commandes`
--
ALTER TABLE `commandes`
  ADD CONSTRAINT `fk_commande_client` FOREIGN KEY (`id_client`) REFERENCES `clients` (`id_client`) ON DELETE CASCADE ON UPDATE CASCADE;

--
-- Contraintes pour la table `conversations`
--
ALTER TABLE `conversations`
  ADD CONSTRAINT `conversations_ibfk_1` FOREIGN KEY (`id_session`) REFERENCES `chat_sessions` (`id`) ON DELETE CASCADE,
  ADD CONSTRAINT `conversations_ibfk_2` FOREIGN KEY (`id_client`) REFERENCES `clients` (`id_client`) ON DELETE CASCADE;

--
-- Contraintes pour la table `favoris`
--
ALTER TABLE `favoris`
  ADD CONSTRAINT `favoris_ibfk_1` FOREIGN KEY (`id_client`) REFERENCES `clients` (`id_client`) ON DELETE CASCADE,
  ADD CONSTRAINT `favoris_ibfk_2` FOREIGN KEY (`id_shoes`) REFERENCES `articles` (`id_shoes`) ON DELETE CASCADE;

--
-- Contraintes pour la table `lignes_commande`
--
ALTER TABLE `lignes_commande`
  ADD CONSTRAINT `fk_ligne_commande` FOREIGN KEY (`id_commande`) REFERENCES `commandes` (`id_commande`) ON DELETE CASCADE ON UPDATE CASCADE,
  ADD CONSTRAINT `fk_ligne_shoes` FOREIGN KEY (`id_shoes`) REFERENCES `articles` (`id_shoes`) ON UPDATE CASCADE;

--
-- Contraintes pour la table `panier`
--
ALTER TABLE `panier`
  ADD CONSTRAINT `fk_panier_client` FOREIGN KEY (`id_client`) REFERENCES `clients` (`id_client`),
  ADD CONSTRAINT `panier_ibfk_1` FOREIGN KEY (`id_variant`) REFERENCES `size_color` (`id_variant`);

--
-- Contraintes pour la table `size_color`
--
ALTER TABLE `size_color`
  ADD CONSTRAINT `size_color_ibfk_1` FOREIGN KEY (`id_shoes`) REFERENCES `articles` (`id_shoes`);
COMMIT;

/*!40101 SET CHARACTER_SET_CLIENT=@OLD_CHARACTER_SET_CLIENT */;
/*!40101 SET CHARACTER_SET_RESULTS=@OLD_CHARACTER_SET_RESULTS */;
/*!40101 SET COLLATION_CONNECTION=@OLD_COLLATION_CONNECTION */;
